RHP_ID,Adop_Location,BR_ID,BR_Status,BU,Acct_ID,Acct_status,Prdt,Prd_stauts,Oth_dependency,Oth_dependency_stuatus
RHP0164,PU,BR_7750362e,Active,CF,ACCT_a18876ad,Active,Loans,Active,Borrower,Active
RHP0164,MU,BR_7750362e,Active,CF,ACCT_06990189,Active,Derivatives,Inactive,Borrower,Active
RHP0024,HY,BR_c82de28c,Active,CF,ACCT_1dbd1289,Active,Derivatives,Inactive,Borrower,Active
RHP0151,BL,BR_3715cb27,Active,FIC,ACCT_bff66574,Inactive,Bonds,Active,Borrower,Active
RHP0151,BL,BR_3715cb27,Active,FIC,ACCT_f4bbd32d,Active,Loans,Inactive,Borrower,Active
RHP0151,HY,BR_94fcb78d,Inactive,CF,ACCT_5b1e79fc,Active,Derivatives,Inactive,Borrower,Active
RHP0151,CH,BR_94fcb78d,Inactive,CF,ACCT_8f5e27a6,Active,Derivatives,Inactive,Borrower,Inactive
RHP0050,HY,BR_4d6fd9a6,Active,FIC,ACCT_0db2a5b6,Inactive,Loans,Active,Borrower,Active
RHP0050,PU,BR_9d0c84e1,Inactive,CB,ACCT_afee4fe6,Active,Bonds,Inactive,Borrower,Active
RHP0050,CH,BR_9d0c84e1,Inactive,CB,ACCT_efbe2527,Inactive,Derivatives,Active,Borrower,Active
RHP0050,MU,BR_2d792e62,Active,FIC,ACCT_4779bc5b,Inactive,Bonds,Active,Borrower,Inactive
RHP0050,BL,BR_2d792e62,Active,FIC,ACCT_c675a02b,Active,Loans,Inactive,Borrower,Inactive
RHP0017,BL,BR_c36f3c21,Inactive,FIC,ACCT_cb5dc8ca,Inactive,Derivatives,Inactive,Borrower,Active
RHP0017,CH,BR_c36f3c21,Inactive,FIC,ACCT_013f3861,Active,Loans,Inactive,Borrower,Inactive
RHP0103,PU,BR_91c150a5,Active,FIC,ACCT_9129a3c8,Active,Loans,Active,Borrower,Active
RHP0103,HY,BR_91c150a5,Active,FIC,ACCT_1361f95a,Active,Derivatives,Inactive,Borrower,Active
RHP0103,PU,BR_e2b688c9,Inactive,CF,ACCT_b2ffa213,Inactive,Derivatives,Active,Borrower,Active
RHP0103,BL,BR_e2b688c9,Inactive,CF,ACCT_e2106b3b,Inactive,Derivatives,Inactive,Borrower,Active
RHP0112,PU,BR_9d9afc08,Inactive,FIC,ACCT_39f58aec,Active,Derivatives,Active,Borrower,Inactive
RHP0112,CH,BR_9d9afc08,Inactive,FIC,ACCT_aba847f2,Active,Loans,Inactive,Borrower,Active
RHP0200,BL,BR_1cf79476,Active,CF,ACCT_52b6ff62,Inactive,Loans,Active,Borrower,Inactive
RHP0200,MU,BR_1cf79476,Active,CF,ACCT_a9e08e4c,Active,Loans,Active,Borrower,Active
RHP0200,BL,BR_879f011d,Inactive,FIC,ACCT_968f72a6,Active,Derivatives,Inactive,Borrower,Active
RHP0200,CH,BR_3eca4c35,Inactive,FIC,ACCT_eff2600b,Inactive,Bonds,Inactive,Borrower,Inactive
RHP0116,MU,BR_09531de4,Active,FIC,ACCT_b8776210,Inactive,Loans,Active,Borrower,Active
RHP0019,BL,BR_66158181,Active,FIC,ACCT_a2881fec,Active,Bonds,Active,Borrower,Active
RHP0019,DL,BR_7441bc84,Inactive,FIC,ACCT_c6eb0898,Inactive,Loans,Inactive,Borrower,Inactive
RHP0019,PU,BR_dc1525f8,Active,FIC,ACCT_4f02da12,Inactive,Bonds,Inactive,Borrower,Inactive
RHP0019,HY,BR_dc1525f8,Active,FIC,ACCT_29b7c1e6,Active,Derivatives,Active,Borrower,Active
RHP0187,HY,BR_fe355311,Active,FIC,ACCT_274c5ed1,Active,Derivatives,Inactive,Borrower,Active
RHP0187,MU,BR_6eb1b982,Active,CB,ACCT_1ece3e63,Active,Loans,Inactive,Borrower,Active
RHP0187,HY,BR_6eb1b982,Active,CB,ACCT_a84fc854,Active,Loans,Active,Borrower,Active
RHP0125,BL,BR_2afb3ed2,Active,CB,ACCT_17707b32,Active,Bonds,Active,Borrower,Inactive
RHP0125,DL,BR_0686d5c6,Inactive,CB,ACCT_8eaf8224,Inactive,Loans,Active,Borrower,Inactive
RHP0125,MU,BR_0686d5c6,Inactive,CB,ACCT_4363819c,Active,Derivatives,Active,Borrower,Inactive
RHP0013,MU,BR_18b82e4e,Inactive,CF,ACCT_59987d20,Active,Derivatives,Active,Borrower,Inactive
RHP0013,CH,BR_fd067b8f,Active,CF,ACCT_bf2567e1,Inactive,Loans,Active,Borrower,Active
RHP0013,BL,BR_22116599,Active,CB,ACCT_1dfa17e9,Inactive,Loans,Inactive,Borrower,Active
RHP0013,BL,BR_22116599,Active,CB,ACCT_f4fadae4,Inactive,Loans,Inactive,Borrower,Inactive
RHP0193,DL,BR_53703c18,Active,CB,ACCT_2c414314,Active,Derivatives,Active,Borrower,Inactive
RHP0090,PU,BR_55c19bf9,Active,CB,ACCT_6bb440c1,Active,Bonds,Inactive,Borrower,Active
RHP0090,BL,BR_55c19bf9,Active,CB,ACCT_713cbfa2,Inactive,Derivatives,Active,Borrower,Active
RHP0030,PU,BR_7e88843f,Active,CB,ACCT_b14eedab,Active,Derivatives,Inactive,Borrower,Active
RHP0030,MU,BR_7e88843f,Active,CB,ACCT_73399878,Inactive,Derivatives,Inactive,Borrower,Inactive
RHP0024,DL,BR_57946edf,Inactive,CB,ACCT_06b0a6d5,Active,Bonds,Active,Borrower,Inactive
RHP0024,CH,BR_052551ac,Inactive,CF,ACCT_f8bea92b,Active,Loans,Active,Borrower,Inactive
RHP0024,DL,BR_052551ac,Inactive,CF,ACCT_f44003df,Active,Bonds,Active,Borrower,Inactive
RHP0024,PU,BR_6ccbe729,Active,CB,ACCT_dc459bb1,Active,Bonds,Active,Borrower,Active
RHP0024,DL,BR_6ccbe729,Active,CB,ACCT_cf1443aa,Active,Bonds,Inactive,Borrower,Active
RHP0042,DL,BR_55599720,Inactive,FIC,ACCT_ad275837,Inactive,Bonds,Active,Borrower,Inactive
RHP0180,BL,BR_b12012f7,Inactive,FIC,ACCT_843ab6a5,Active,Loans,Inactive,Borrower,Inactive
RHP0180,HY,BR_b12012f7,Inactive,FIC,ACCT_7a1af751,Active,Loans,Active,Borrower,Inactive
RHP0085,MU,BR_b7a6ce30,Active,CB,ACCT_c05acb8a,Inactive,Derivatives,Inactive,Borrower,Active
RHP0085,MU,BR_b7a6ce30,Active,CB,ACCT_0bbb6107,Inactive,Loans,Inactive,Borrower,Active
RHP0085,CH,BR_7f44eb69,Inactive,CB,ACCT_ec2c70ac,Inactive,Derivatives,Active,Borrower,Inactive
RHP0085,MU,BR_7f44eb69,Inactive,CB,ACCT_55a3bbad,Active,Bonds,Active,Borrower,Inactive
RHP0134,PU,BR_fc40645e,Active,CB,ACCT_002e5d4a,Active,Derivatives,Inactive,Borrower,Inactive
RHP0134,PU,BR_fc40645e,Active,CB,ACCT_2ca9f9b0,Active,Derivatives,Inactive,Borrower,Inactive
RHP0134,HY,BR_4ea5ac8d,Inactive,CB,ACCT_5b2209b1,Inactive,Derivatives,Active,Borrower,Active
RHP0134,HY,BR_4ea5ac8d,Inactive,CB,ACCT_69c4c501,Inactive,Derivatives,Active,Borrower,Inactive
RHP0134,HY,BR_58846de3,Active,CB,ACCT_8c76d0b4,Active,Bonds,Inactive,Borrower,Inactive
RHP0134,PU,BR_58846de3,Active,CB,ACCT_7ff4525b,Inactive,Derivatives,Active,Borrower,Inactive
RHP0044,DL,BR_75d8011e,Active,CB,ACCT_62e113ee,Active,Loans,Inactive,Borrower,Active
RHP0044,HY,BR_75d8011e,Active,CB,ACCT_e5d17b66,Active,Loans,Active,Borrower,Active
RHP0044,HY,BR_acb1f53c,Active,CB,ACCT_040b030d,Active,Derivatives,Inactive,Borrower,Inactive
RHP0044,HY,BR_acb1f53c,Active,CB,ACCT_cf216ba4,Active,Loans,Active,Borrower,Active
RHP0044,HY,BR_c16c1c22,Active,FIC,ACCT_5c969a8e,Active,Derivatives,Active,Borrower,Active
RHP0044,CH,BR_c16c1c22,Active,FIC,ACCT_84c1623a,Active,Bonds,Inactive,Borrower,Inactive
RHP0185,BL,BR_2744ee26,Inactive,CF,ACCT_9406a1cf,Active,Derivatives,Inactive,Borrower,Inactive
RHP0185,PU,BR_2744ee26,Inactive,CF,ACCT_a257f4fe,Active,Derivatives,Inactive,Borrower,Inactive
RHP0185,BL,BR_af6811de,Active,CB,ACCT_e8c47f8f,Active,Derivatives,Inactive,Borrower,Active
RHP0185,DL,BR_af6811de,Active,CB,ACCT_1da70d99,Inactive,Bonds,Active,Borrower,Active
RHP0185,BL,BR_a6d0bbde,Active,CB,ACCT_c64a5faa,Active,Loans,Inactive,Borrower,Inactive
RHP0139,HY,BR_d85624f9,Inactive,FIC,ACCT_87c959f1,Inactive,Bonds,Active,Borrower,Inactive
RHP0139,DL,BR_e677df89,Active,CB,ACCT_94434a41,Inactive,Bonds,Active,Borrower,Inactive
RHP0139,HY,BR_e677df89,Active,CB,ACCT_7315cab8,Inactive,Bonds,Inactive,Borrower,Active
RHP0087,CH,BR_48effe12,Inactive,CF,ACCT_74f87e27,Inactive,Loans,Active,Borrower,Inactive
RHP0087,BL,BR_719a5d1f,Active,FIC,ACCT_d8ebeb43,Active,Bonds,Active,Borrower,Active
RHP0087,BL,BR_719a5d1f,Active,FIC,ACCT_d2a43433,Inactive,Bonds,Active,Borrower,Inactive
RHP0087,MU,BR_c7992fb0,Inactive,CB,ACCT_ede1bbd2,Inactive,Bonds,Active,Borrower,Inactive
RHP0087,PU,BR_c7992fb0,Inactive,CB,ACCT_ae4c4098,Active,Bonds,Active,Borrower,Inactive
RHP0011,PU,BR_fe24a0f8,Active,FIC,ACCT_0b3fd25f,Active,Loans,Active,Borrower,Inactive
RHP0030,BL,BR_cb7ce277,Active,CB,ACCT_181f756c,Inactive,Loans,Active,Borrower,Active
RHP0030,CH,BR_cb7ce277,Active,CB,ACCT_e7770171,Active,Derivatives,Active,Borrower,Inactive
RHP0030,PU,BR_bf49b58f,Inactive,CB,ACCT_b1cb68b1,Active,Derivatives,Active,Borrower,Inactive
RHP0030,MU,BR_667c66ba,Inactive,CF,ACCT_3dc048cc,Active,Bonds,Inactive,Borrower,Inactive
RHP0130,PU,BR_90bf4f5f,Inactive,FIC,ACCT_14a9e7d0,Inactive,Loans,Inactive,Borrower,Inactive
RHP0130,DL,BR_90bf4f5f,Inactive,FIC,ACCT_3bb8c2b7,Inactive,Derivatives,Active,Borrower,Inactive
RHP0130,DL,BR_6e042bde,Inactive,CF,ACCT_47458bc0,Inactive,Bonds,Inactive,Borrower,Inactive
RHP0130,HY,BR_6e042bde,Inactive,CF,ACCT_a21d0fca,Active,Bonds,Inactive,Borrower,Active
RHP0130,DL,BR_a4130bb9,Inactive,CB,ACCT_ae678d76,Inactive,Bonds,Active,Borrower,Inactive
RHP0091,DL,BR_420dbe77,Inactive,CB,ACCT_7c85a86d,Active,Derivatives,Active,Borrower,Inactive
RHP0091,PU,BR_420dbe77,Inactive,CB,ACCT_67216891,Inactive,Bonds,Active,Borrower,Inactive
RHP0091,PU,BR_fe6dc2a2,Inactive,CB,ACCT_00f41814,Active,Bonds,Active,Borrower,Inactive
RHP0063,PU,BR_34a67d63,Inactive,CB,ACCT_4e04af0a,Inactive,Derivatives,Inactive,Borrower,Inactive
RHP0063,DL,BR_34a67d63,Inactive,CB,ACCT_636bed27,Inactive,Bonds,Inactive,Borrower,Inactive
RHP0063,DL,BR_6dcfba58,Active,CF,ACCT_2abb4bc1,Inactive,Loans,Active,Borrower,Active
RHP0190,BL,BR_0a331b49,Inactive,CF,ACCT_ccc57ad1,Active,Loans,Inactive,Borrower,Active
RHP0190,BL,BR_0a331b49,Inactive,CF,ACCT_22247941,Active,Bonds,Active,Borrower,Inactive
RHP0190,MU,BR_1e7f1f2c,Active,FIC,ACCT_a9d29094,Active,Derivatives,Inactive,Borrower,Active
RHP0190,BL,BR_1e7f1f2c,Active,FIC,ACCT_e57a1d5c,Inactive,Bonds,Inactive,Borrower,Inactive
RHP0048,CH,BR_a841b29b,Inactive,CB,ACCT_7e1a7001,Active,Bonds,Inactive,Borrower,Active
RHP0162,CH,BR_b974106a,Active,FIC,ACCT_95ed1565,Inactive,Loans,Active,Borrower,Active
RHP0162,CH,BR_0abc325e,Inactive,CF,ACCT_62a80972,Inactive,Bonds,Inactive,Borrower,Inactive
RHP0162,PU,BR_382e8f16,Inactive,CB,ACCT_2d69de85,Active,Loans,Active,Borrower,Inactive
RHP0021,PU,BR_52ea0a05,Active,FIC,ACCT_ce824f13,Active,Loans,Inactive,Borrower,Inactive
RHP0153,MU,BR_fa607c83,Inactive,FIC,ACCT_9ec0f6ab,Inactive,Derivatives,Inactive,Borrower,Inactive
RHP0153,BL,BR_38dc576e,Active,CB,ACCT_dc5eb574,Inactive,Loans,Active,Borrower,Active
RHP0037,PU,BR_477f176d,Active,FIC,ACCT_e4e1ef7d,Inactive,Bonds,Active,Borrower,Inactive
RHP0037,CH,BR_477f176d,Active,FIC,ACCT_5f21f5f2,Inactive,Derivatives,Inactive,Borrower,Inactive
RHP0139,MU,BR_e5e1dee1,Inactive,FIC,ACCT_42e66b25,Inactive,Derivatives,Inactive,Borrower,Inactive
RHP0139,HY,BR_0dc7fd61,Active,FIC,ACCT_1dbbeedb,Inactive,Derivatives,Active,Borrower,Active
RHP0133,HY,BR_aa691ffc,Inactive,CB,ACCT_314b33d3,Inactive,Derivatives,Inactive,Borrower,Active
RHP0133,BL,BR_0e57b05a,Inactive,CB,ACCT_88527faf,Inactive,Derivatives,Active,Borrower,Active
RHP0133,PU,BR_0e57b05a,Inactive,CB,ACCT_a4d842da,Inactive,Derivatives,Inactive,Borrower,Inactive
RHP0133,BL,BR_a6120b7a,Inactive,CF,ACCT_4b259663,Inactive,Loans,Inactive,Borrower,Inactive
RHP0030,CH,BR_fd6d9548,Active,CF,ACCT_7f171711,Inactive,Loans,Active,Borrower,Inactive
RHP0030,DL,BR_fd6d9548,Active,CF,ACCT_e722a3cf,Inactive,Derivatives,Inactive,Borrower,Active
RHP0030,MU,BR_2785841a,Inactive,CF,ACCT_f085553a,Inactive,Bonds,Inactive,Borrower,Active
RHP0162,MU,BR_7d58a58b,Active,CF,ACCT_9bac5819,Inactive,Derivatives,Active,Borrower,Inactive
RHP0162,PU,BR_9fb5da54,Active,FIC,ACCT_3c9d98c6,Active,Derivatives,Active,Borrower,Inactive
RHP0162,HY,BR_9fb5da54,Active,FIC,ACCT_28466934,Inactive,Derivatives,Inactive,Borrower,Inactive
RHP0162,MU,BR_f3602c51,Inactive,FIC,ACCT_e3e0a894,Active,Bonds,Active,Borrower,Inactive
RHP0162,MU,BR_f3602c51,Inactive,FIC,ACCT_52fb7a30,Inactive,Bonds,Inactive,Borrower,Inactive
RHP0073,BL,BR_78fb7e26,Inactive,CF,ACCT_9e7dd5ce,Active,Bonds,Inactive,Borrower,Inactive
RHP0073,PU,BR_78fb7e26,Inactive,CF,ACCT_2171aa9d,Inactive,Bonds,Inactive,Borrower,Active
RHP0073,PU,BR_b878b27b,Active,CF,ACCT_1c6ccd95,Active,Bonds,Active,Borrower,Inactive
RHP0073,PU,BR_b878b27b,Active,CF,ACCT_959b8be8,Inactive,Derivatives,Inactive,Borrower,Inactive
RHP0073,HY,BR_c070de6e,Active,CB,ACCT_402547e8,Active,Derivatives,Inactive,Borrower,Active
RHP0026,HY,BR_111790fd,Inactive,FIC,ACCT_f03a72e8,Inactive,Derivatives,Active,Borrower,Active
RHP0026,PU,BR_6bc2f5a6,Inactive,CB,ACCT_9ab06531,Active,Bonds,Inactive,Borrower,Inactive
RHP0026,DL,BR_6bc2f5a6,Inactive,CB,ACCT_5bfe4748,Inactive,Derivatives,Active,Borrower,Active
RHP0026,DL,BR_9d1bb7d2,Inactive,FIC,ACCT_1b150a0a,Inactive,Loans,Active,Borrower,Inactive
RHP0178,HY,BR_22ac576a,Active,FIC,ACCT_75c9836b,Active,Bonds,Inactive,Borrower,Inactive
RHP0178,DL,BR_22ac576a,Active,FIC,ACCT_681765c0,Active,Loans,Inactive,Borrower,Active
RHP0178,HY,BR_9c304e28,Active,FIC,ACCT_9e85085b,Active,Bonds,Active,Borrower,Active
RHP0178,HY,BR_9c304e28,Active,FIC,ACCT_c0f8ffc8,Inactive,Bonds,Inactive,Borrower,Active
RHP0074,PU,BR_fbeb12ad,Active,FIC,ACCT_7a6fdd90,Inactive,Derivatives,Inactive,Borrower,Inactive
RHP0074,HY,BR_fbeb12ad,Active,FIC,ACCT_b7fa7c82,Inactive,Bonds,Inactive,Borrower,Active
RHP0074,PU,BR_44bc2584,Inactive,FIC,ACCT_3897a65e,Inactive,Derivatives,Inactive,Borrower,Inactive
RHP0074,BL,BR_8d85815a,Inactive,FIC,ACCT_396e5762,Inactive,Loans,Active,Borrower,Inactive
RHP0074,PU,BR_8d85815a,Inactive,FIC,ACCT_65980d43,Active,Derivatives,Inactive,Borrower,Active
RHP0049,HY,BR_2f9210f0,Inactive,CF,ACCT_8a0d97f7,Active,Derivatives,Active,Borrower,Inactive
RHP0049,PU,BR_ba85e439,Active,CF,ACCT_acd5500b,Active,Loans,Inactive,Borrower,Inactive
RHP0049,CH,BR_ba85e439,Active,CF,ACCT_c301e37f,Inactive,Loans,Active,Borrower,Active
RHP0049,PU,BR_be3a19db,Inactive,CF,ACCT_c8249e9f,Active,Bonds,Inactive,Borrower,Inactive
RHP0049,DL,BR_be3a19db,Inactive,CF,ACCT_1bd21542,Inactive,Loans,Inactive,Borrower,Active
RHP0194,CH,BR_8aabfe7f,Inactive,CF,ACCT_c063bdad,Active,Bonds,Active,Borrower,Inactive
RHP0194,CH,BR_8aabfe7f,Inactive,CF,ACCT_28729080,Active,Bonds,Inactive,Borrower,Inactive
RHP0098,PU,BR_6b6ed1bc,Inactive,FIC,ACCT_c92e04a3,Inactive,Loans,Inactive,Borrower,Active
RHP0098,DL,BR_233348ba,Active,CF,ACCT_3a4152cd,Inactive,Derivatives,Inactive,Borrower,Active
RHP0098,MU,BR_233348ba,Active,CF,ACCT_c5afba1f,Active,Loans,Inactive,Borrower,Inactive
RHP0098,CH,BR_dcb45423,Active,FIC,ACCT_b6b8af56,Inactive,Bonds,Inactive,Borrower,Inactive
RHP0191,MU,BR_930573e2,Active,CB,ACCT_c94847b3,Inactive,Derivatives,Inactive,Borrower,Inactive
RHP0191,PU,BR_fb6f580e,Inactive,FIC,ACCT_052f1d4a,Inactive,Loans,Inactive,Borrower,Active
RHP0191,HY,BR_fb6f580e,Inactive,FIC,ACCT_058884d4,Inactive,Derivatives,Inactive,Borrower,Active
RHP0191,MU,BR_59a16822,Inactive,FIC,ACCT_90200edc,Inactive,Loans,Active,Borrower,Active
RHP0086,DL,BR_8d1af428,Active,CF,ACCT_9f15ff95,Active,Derivatives,Active,Borrower,Active
RHP0085,MU,BR_d2eb180d,Active,CB,ACCT_422ad7a3,Active,Derivatives,Inactive,Borrower,Active
RHP0170,DL,BR_047f0e56,Active,FIC,ACCT_62c815a9,Active,Derivatives,Inactive,Borrower,Active
RHP0170,CH,BR_047f0e56,Active,FIC,ACCT_f79c0483,Inactive,Loans,Active,Borrower,Inactive
RHP0030,CH,BR_32f1e4d7,Active,CB,ACCT_81ec98fa,Inactive,Derivatives,Active,Borrower,Inactive
RHP0030,HY,BR_32f1e4d7,Active,CB,ACCT_52be6d5d,Active,Derivatives,Active,Borrower,Inactive
RHP0030,PU,BR_7d378636,Active,FIC,ACCT_3299d394,Inactive,Bonds,Active,Borrower,Inactive
RHP0030,CH,BR_7d378636,Active,FIC,ACCT_c50335b3,Inactive,Loans,Active,Borrower,Inactive
RHP0030,CH,BR_95b8808d,Active,FIC,ACCT_2869768d,Inactive,Derivatives,Inactive,Borrower,Inactive
RHP0136,HY,BR_6d2ff27a,Inactive,CF,ACCT_8adec0fd,Active,Derivatives,Active,Borrower,Inactive
RHP0136,HY,BR_6d2ff27a,Inactive,CF,ACCT_19c27e31,Inactive,Loans,Inactive,Borrower,Inactive
RHP0136,BL,BR_60a48488,Inactive,CB,ACCT_7c913668,Inactive,Bonds,Inactive,Borrower,Inactive
RHP0040,PU,BR_15b295fb,Inactive,FIC,ACCT_90ed162b,Active,Loans,Inactive,Borrower,Active
RHP0040,BL,BR_f44eff2a,Inactive,FIC,ACCT_20697021,Inactive,Derivatives,Active,Borrower,Inactive
RHP0040,MU,BR_b6d107e6,Inactive,CF,ACCT_3f8490ce,Inactive,Derivatives,Inactive,Borrower,Inactive
RHP0148,MU,BR_e320e9d3,Active,FIC,ACCT_67184490,Active,Loans,Inactive,Borrower,Inactive
RHP0148,CH,BR_e320e9d3,Active,FIC,ACCT_dbe225b4,Inactive,Derivatives,Active,Borrower,Inactive
RHP0148,BL,BR_ce9742e5,Active,CF,ACCT_6730f353,Active,Loans,Inactive,Borrower,Inactive
RHP0148,CH,BR_ce9742e5,Active,CF,ACCT_87a0824d,Inactive,Loans,Active,Borrower,Active
RHP0148,HY,BR_6fcd2421,Inactive,FIC,ACCT_fadc1fc6,Active,Loans,Active,Borrower,Inactive
RHP0117,DL,BR_d1c318d3,Active,CB,ACCT_165e654e,Inactive,Derivatives,Active,Borrower,Active
RHP0117,BL,BR_d1c318d3,Active,CB,ACCT_3b77db25,Active,Derivatives,Active,Borrower,Active
RHP0117,BL,BR_a516f86c,Inactive,CF,ACCT_b4be8e51,Inactive,Derivatives,Inactive,Borrower,Inactive
RHP0117,HY,BR_a516f86c,Inactive,CF,ACCT_5b1504c4,Active,Derivatives,Active,Borrower,Inactive
RHP0029,MU,BR_197dbd31,Inactive,CF,ACCT_805ecd50,Active,Loans,Inactive,Borrower,Active
RHP0029,BL,BR_197dbd31,Inactive,CF,ACCT_a7b477f0,Active,Bonds,Active,Borrower,Inactive
RHP0029,DL,BR_7e18af01,Inactive,CB,ACCT_6d44618d,Active,Bonds,Inactive,Borrower,Active
RHP0098,MU,BR_33498b2c,Active,CF,ACCT_5dbed69c,Active,Bonds,Active,Borrower,Inactive
RHP0098,CH,BR_33498b2c,Active,CF,ACCT_94310e16,Inactive,Loans,Inactive,Borrower,Inactive
RHP0098,BL,BR_5f96ee2f,Inactive,CF,ACCT_319bd0a6,Inactive,Loans,Inactive,Borrower,Active
RHP0098,MU,BR_5f96ee2f,Inactive,CF,ACCT_2be01415,Active,Derivatives,Inactive,Borrower,Inactive
RHP0098,HY,BR_f48f5fd4,Inactive,FIC,ACCT_fe0f9046,Inactive,Derivatives,Inactive,Borrower,Active
RHP0080,BL,BR_6526ee17,Inactive,FIC,ACCT_d3854a25,Active,Loans,Active,Borrower,Inactive
RHP0080,MU,BR_6526ee17,Inactive,FIC,ACCT_702cd3bb,Inactive,Derivatives,Active,Borrower,Active
RHP0080,DL,BR_49b03aba,Active,CB,ACCT_550dfd4d,Active,Derivatives,Active,Borrower,Active
RHP0080,HY,BR_472be11c,Inactive,CB,ACCT_18aeea37,Inactive,Derivatives,Inactive,Borrower,Active
RHP0080,BL,BR_472be11c,Inactive,CB,ACCT_c045a788,Active,Bonds,Inactive,Borrower,Inactive
RHP0152,MU,BR_2ef8ee03,Inactive,CF,ACCT_f4ecf65b,Inactive,Bonds,Inactive,Borrower,Active
RHP0095,CH,BR_25298856,Active,CF,ACCT_63452669,Inactive,Bonds,Active,Borrower,Inactive
RHP0095,BL,BR_9b1319fd,Active,CB,ACCT_8ed7205e,Active,Loans,Inactive,Borrower,Active
RHP0095,DL,BR_9b1319fd,Active,CB,ACCT_31ffc774,Active,Derivatives,Active,Borrower,Active
RHP0182,HY,BR_179bf960,Inactive,CF,ACCT_5b80d9fb,Inactive,Bonds,Inactive,Borrower,Inactive
RHP0182,CH,BR_7401eb5c,Inactive,CF,ACCT_3668aac7,Inactive,Loans,Inactive,Borrower,Active
RHP0174,BL,BR_e515cbf6,Inactive,CB,ACCT_94359d1a,Inactive,Loans,Active,Borrower,Inactive
RHP0174,DL,BR_3300f358,Inactive,FIC,ACCT_3e15738c,Inactive,Derivatives,Inactive,Borrower,Inactive
RHP0172,DL,BR_f5dddafb,Active,CF,ACCT_ee6c8d22,Inactive,Loans,Inactive,Borrower,Inactive
RHP0172,DL,BR_f5dddafb,Active,CF,ACCT_83129423,Active,Bonds,Inactive,Borrower,Active
RHP0172,CH,BR_530c3c5d,Active,FIC,ACCT_bed6fe5c,Inactive,Loans,Active,Borrower,Inactive
RHP0172,PU,BR_9654d779,Active,CF,ACCT_ab115293,Active,Loans,Active,Borrower,Active
RHP0172,PU,BR_9654d779,Active,CF,ACCT_b9675c87,Inactive,Loans,Inactive,Borrower,Inactive
RHP0185,HY,BR_e4ae959c,Inactive,CF,ACCT_636bdba9,Inactive,Loans,Active,Borrower,Inactive
RHP0185,BL,BR_e4ae959c,Inactive,CF,ACCT_64448481,Active,Bonds,Inactive,Borrower,Inactive
RHP0200,BL,BR_2173351c,Inactive,FIC,ACCT_95950acc,Active,Bonds,Active,Borrower,Inactive
RHP0200,HY,BR_151fdc9d,Active,CF,ACCT_23b66ec1,Inactive,Loans,Active,Borrower,Inactive
RHP0132,MU,BR_8b74eaaf,Inactive,FIC,ACCT_c8ca3172,Inactive,Bonds,Active,Borrower,Inactive
RHP0102,BL,BR_1a6030c6,Inactive,FIC,ACCT_c859973b,Active,Bonds,Active,Borrower,Inactive
RHP0102,DL,BR_1a6030c6,Inactive,FIC,ACCT_06094068,Active,Derivatives,Inactive,Borrower,Active
RHP0102,CH,BR_5890972b,Active,CB,ACCT_03c699c7,Active,Derivatives,Inactive,Borrower,Inactive
RHP0102,DL,BR_5890972b,Active,CB,ACCT_bf1bb9cf,Active,Loans,Active,Borrower,Inactive
RHP0102,MU,BR_9df44294,Active,CF,ACCT_eb995c01,Active,Bonds,Active,Borrower,Inactive
RHP0102,MU,BR_9df44294,Active,CF,ACCT_681dd724,Active,Loans,Inactive,Borrower,Inactive
RHP0029,CH,BR_67c1f6ee,Active,CF,ACCT_2e317046,Active,Bonds,Inactive,Borrower,Active
RHP0029,MU,BR_58a493a7,Inactive,FIC,ACCT_f028e016,Active,Derivatives,Active,Borrower,Inactive
RHP0029,PU,BR_58a493a7,Inactive,FIC,ACCT_bfaebb0d,Active,Bonds,Inactive,Borrower,Active
RHP0100,PU,BR_50293891,Inactive,CF,ACCT_2a32c6a2,Inactive,Loans,Inactive,Borrower,Active
RHP0100,PU,BR_b6ad3dc2,Active,CF,ACCT_a9dec189,Active,Loans,Inactive,Borrower,Inactive
RHP0100,PU,BR_b6ad3dc2,Active,CF,ACCT_2100cc1d,Active,Derivatives,Inactive,Borrower,Inactive
RHP0047,DL,BR_bfebb2e5,Active,CF,ACCT_b7a7b838,Active,Bonds,Active,Borrower,Active
RHP0047,CH,BR_bfebb2e5,Active,CF,ACCT_e0b2cbe4,Active,Bonds,Inactive,Borrower,Inactive
RHP0122,BL,BR_5cccb53f,Active,CF,ACCT_f098317e,Inactive,Bonds,Active,Borrower,Inactive
RHP0122,BL,BR_8b492bf4,Active,CB,ACCT_60c79db1,Inactive,Derivatives,Inactive,Borrower,Inactive
RHP0122,CH,BR_8b492bf4,Active,CB,ACCT_d7745f29,Active,Bonds,Inactive,Borrower,Inactive
RHP0069,MU,BR_b4a5aae8,Inactive,FIC,ACCT_7dc06870,Active,Derivatives,Inactive,Borrower,Inactive
RHP0069,HY,BR_b4a5aae8,Inactive,FIC,ACCT_95ba2857,Active,Bonds,Inactive,Borrower,Inactive
RHP0155,CH,BR_b0ff47bb,Inactive,FIC,ACCT_a8c34d5f,Inactive,Bonds,Active,Borrower,Inactive
RHP0155,PU,BR_b0ff47bb,Inactive,FIC,ACCT_075f5eac,Inactive,Bonds,Active,Borrower,Active
RHP0155,DL,BR_75169c9d,Inactive,CB,ACCT_def9afe6,Active,Loans,Inactive,Borrower,Active
RHP0155,PU,BR_67adcf67,Active,FIC,ACCT_e7ff0738,Inactive,Bonds,Active,Borrower,Active
RHP0155,MU,BR_67adcf67,Active,FIC,ACCT_96603403,Inactive,Bonds,Inactive,Borrower,Inactive
RHP0147,PU,BR_80126447,Inactive,CB,ACCT_5b559966,Inactive,Loans,Active,Borrower,Active
RHP0147,BL,BR_80126447,Inactive,CB,ACCT_129ce75d,Active,Bonds,Inactive,Borrower,Active
RHP0199,MU,BR_eb2106d6,Inactive,FIC,ACCT_707b7a9d,Inactive,Loans,Active,Borrower,Active
RHP0199,PU,BR_eb2106d6,Inactive,FIC,ACCT_5ca301f3,Inactive,Loans,Inactive,Borrower,Active
RHP0199,DL,BR_94e5f3a7,Inactive,CF,ACCT_61fa069c,Active,Derivatives,Inactive,Borrower,Inactive
RHP0199,DL,BR_94e5f3a7,Inactive,CF,ACCT_0dd7d72d,Active,Bonds,Active,Borrower,Inactive
RHP0036,MU,BR_88c5f3ff,Inactive,FIC,ACCT_223ea88f,Inactive,Bonds,Active,Borrower,Active
RHP0036,HY,BR_88c5f3ff,Inactive,FIC,ACCT_68b44eb6,Inactive,Bonds,Inactive,Borrower,Inactive
RHP0148,CH,BR_00177dc2,Active,CB,ACCT_b7949859,Inactive,Bonds,Inactive,Borrower,Active
RHP0164,DL,BR_00c5fed2,Active,FIC,ACCT_9863d3ed,Active,Loans,Active,Borrower,Inactive
RHP0164,CH,BR_00c5fed2,Active,FIC,ACCT_3a15a0e2,Active,Bonds,Active,Borrower,Inactive
RHP0164,PU,BR_fbaf6155,Inactive,FIC,ACCT_1f675a2b,Active,Derivatives,Inactive,Borrower,Active
RHP0164,CH,BR_fbaf6155,Inactive,FIC,ACCT_be03056a,Inactive,Derivatives,Active,Borrower,Active
RHP0164,PU,BR_f3b45c2b,Active,FIC,ACCT_a937e150,Active,Loans,Active,Borrower,Active
RHP0164,CH,BR_f3b45c2b,Active,FIC,ACCT_48ebd868,Inactive,Derivatives,Active,Borrower,Inactive
RHP0164,BL,BR_cbd13b97,Inactive,CF,ACCT_bf414ce8,Inactive,Bonds,Active,Borrower,Inactive
RHP0164,HY,BR_cbd13b97,Inactive,CF,ACCT_69a34d67,Inactive,Loans,Active,Borrower,Active
RHP0107,HY,BR_bef30975,Inactive,FIC,ACCT_94a4aba2,Active,Bonds,Inactive,Borrower,Inactive
RHP0107,DL,BR_bef30975,Inactive,FIC,ACCT_6a7f7c5d,Active,Bonds,Active,Borrower,Inactive
RHP0107,MU,BR_83775513,Inactive,FIC,ACCT_fdda4462,Inactive,Loans,Active,Borrower,Active
RHP0107,DL,BR_83775513,Inactive,FIC,ACCT_82bd8367,Inactive,Bonds,Inactive,Borrower,Active
RHP0084,BL,BR_c98a71ca,Inactive,FIC,ACCT_d3d40b95,Inactive,Derivatives,Inactive,Borrower,Inactive
RHP0084,DL,BR_0043895b,Inactive,FIC,ACCT_ce476af4,Inactive,Derivatives,Inactive,Borrower,Active
RHP0084,CH,BR_c7b9329e,Inactive,FIC,ACCT_1b8f8752,Inactive,Bonds,Inactive,Borrower,Inactive
RHP0003,HY,BR_c6807b11,Inactive,FIC,ACCT_7b8417e8,Inactive,Bonds,Inactive,Borrower,Active
RHP0003,CH,BR_c6807b11,Inactive,FIC,ACCT_880e7282,Active,Derivatives,Active,Borrower,Inactive
RHP0074,MU,BR_4351d2b5,Inactive,CF,ACCT_2f2e7f04,Inactive,Derivatives,Active,Borrower,Active
RHP0074,DL,BR_4351d2b5,Inactive,CF,ACCT_22e53472,Inactive,Bonds,Inactive,Borrower,Inactive
RHP0051,HY,BR_694156d1,Inactive,CF,ACCT_ad20cc4e,Active,Loans,Active,Borrower,Inactive
RHP0051,HY,BR_2e556dcd,Inactive,FIC,ACCT_512d2c2b,Inactive,Derivatives,Inactive,Borrower,Active
RHP0051,MU,BR_73ac1dfd,Inactive,CF,ACCT_562faa30,Inactive,Derivatives,Inactive,Borrower,Inactive
RHP0051,CH,BR_73ac1dfd,Inactive,CF,ACCT_fbd442c2,Inactive,Bonds,Active,Borrower,Inactive
RHP0079,CH,BR_0fb3c052,Active,CF,ACCT_66548b39,Inactive,Derivatives,Active,Borrower,Active
RHP0079,PU,BR_0fb3c052,Active,CF,ACCT_c8095d36,Inactive,Loans,Inactive,Borrower,Active
RHP0079,HY,BR_88a72466,Active,FIC,ACCT_9d9c15a5,Active,Loans,Inactive,Borrower,Inactive
RHP0079,PU,BR_b91c8e3d,Active,CB,ACCT_4491ecb8,Inactive,Derivatives,Inactive,Borrower,Active
RHP0036,DL,BR_6b4369de,Active,CF,ACCT_066b7d7b,Inactive,Derivatives,Inactive,Borrower,Inactive
RHP0036,PU,BR_6b4369de,Active,CF,ACCT_6684844d,Inactive,Derivatives,Inactive,Borrower,Inactive
RHP0036,DL,BR_4f4c1004,Inactive,CF,ACCT_b1886629,Active,Loans,Inactive,Borrower,Inactive
RHP0036,BL,BR_4f4c1004,Inactive,CF,ACCT_967875c7,Inactive,Bonds,Active,Borrower,Inactive
RHP0036,BL,BR_0afebbd8,Inactive,CB,ACCT_68a01494,Inactive,Loans,Inactive,Borrower,Inactive
RHP0036,PU,BR_0afebbd8,Inactive,CB,ACCT_73981f88,Active,Bonds,Active,Borrower,Inactive
RHP0021,CH,BR_008f9f54,Inactive,CF,ACCT_78440233,Inactive,Loans,Active,Borrower,Inactive
RHP0021,DL,BR_008f9f54,Inactive,CF,ACCT_fcd519dc,Inactive,Loans,Active,Borrower,Active
RHP0021,BL,BR_305e15c6,Active,CF,ACCT_f9382845,Active,Loans,Active,Borrower,Inactive
RHP0184,PU,BR_adad1fbf,Active,CF,ACCT_934b4d22,Active,Derivatives,Active,Borrower,Inactive
RHP0184,MU,BR_87d49fd9,Inactive,CB,ACCT_fb5879d3,Inactive,Bonds,Inactive,Borrower,Active
RHP0167,HY,BR_963afe4a,Active,CF,ACCT_c2676f3d,Active,Bonds,Active,Borrower,Active
RHP0167,BL,BR_99468924,Inactive,FIC,ACCT_3dc12b8f,Active,Loans,Inactive,Borrower,Active
RHP0167,CH,BR_99468924,Inactive,FIC,ACCT_761d46d2,Inactive,Bonds,Inactive,Borrower,Active
RHP0167,PU,BR_82b5c146,Inactive,CB,ACCT_a4711319,Active,Bonds,Active,Borrower,Inactive
RHP0066,CH,BR_0c40464c,Active,FIC,ACCT_7fee3869,Inactive,Derivatives,Active,Borrower,Active
RHP0066,HY,BR_0c40464c,Active,FIC,ACCT_f521634b,Inactive,Bonds,Inactive,Borrower,Active
RHP0066,BL,BR_722a4d6c,Active,FIC,ACCT_7f8757f4,Inactive,Bonds,Active,Borrower,Active
RHP0066,BL,BR_f1dc11ce,Inactive,FIC,ACCT_b1df116c,Inactive,Bonds,Inactive,Borrower,Active
RHP0066,PU,BR_f1dc11ce,Inactive,FIC,ACCT_48b32f6e,Inactive,Derivatives,Active,Borrower,Active
RHP0031,BL,BR_c853cdff,Inactive,FIC,ACCT_0fbdf6c7,Inactive,Derivatives,Active,Borrower,Inactive
RHP0031,DL,BR_c853cdff,Inactive,FIC,ACCT_b121c091,Active,Loans,Active,Borrower,Inactive
RHP0031,DL,BR_65ae84c0,Inactive,CF,ACCT_9cc8b5dc,Inactive,Derivatives,Inactive,Borrower,Active
RHP0031,MU,BR_65ae84c0,Inactive,CF,ACCT_b97db7d9,Active,Derivatives,Inactive,Borrower,Inactive
RHP0145,MU,BR_40904f0a,Active,CF,ACCT_a622afb9,Active,Loans,Inactive,Borrower,Inactive
RHP0175,HY,BR_85527a1d,Inactive,FIC,ACCT_24cf987c,Active,Bonds,Active,Borrower,Inactive
RHP0175,PU,BR_85527a1d,Inactive,FIC,ACCT_fc62851b,Active,Derivatives,Inactive,Borrower,Inactive
RHP0006,PU,BR_ffcadffa,Inactive,FIC,ACCT_3e4db99d,Active,Loans,Inactive,Borrower,Inactive
RHP0006,HY,BR_44fe32bc,Active,CF,ACCT_52f1f80c,Active,Bonds,Active,Borrower,Inactive
RHP0047,PU,BR_02db5a16,Inactive,CB,ACCT_209f5310,Inactive,Bonds,Inactive,Borrower,Active
RHP0047,DL,BR_02db5a16,Inactive,CB,ACCT_d035c61a,Active,Derivatives,Inactive,Borrower,Active
RHP0138,PU,BR_a5783c85,Active,CF,ACCT_5a9d3055,Active,Loans,Inactive,Borrower,Inactive
RHP0138,DL,BR_62bb8d4b,Inactive,CF,ACCT_d17ec9b5,Active,Loans,Inactive,Borrower,Inactive
RHP0138,PU,BR_62bb8d4b,Inactive,CF,ACCT_1b8838c9,Inactive,Loans,Active,Borrower,Active
RHP0108,CH,BR_c3ad6114,Active,FIC,ACCT_94c80894,Active,Loans,Active,Borrower,Inactive
RHP0108,MU,BR_c81c2809,Active,FIC,ACCT_7ac85f9e,Inactive,Bonds,Active,Borrower,Active
RHP0108,DL,BR_0a586c38,Active,CF,ACCT_81749bfb,Active,Derivatives,Inactive,Borrower,Inactive
RHP0108,BL,BR_0a586c38,Active,CF,ACCT_c33bcd6f,Inactive,Loans,Active,Borrower,Inactive
RHP0071,CH,BR_16d941c0,Active,CF,ACCT_543aa5e2,Inactive,Loans,Inactive,Borrower,Inactive
RHP0071,DL,BR_16d941c0,Active,CF,ACCT_47a5ed94,Inactive,Derivatives,Inactive,Borrower,Inactive
RHP0077,HY,BR_9cb87343,Active,CF,ACCT_e047f601,Active,Loans,Inactive,Borrower,Active
RHP0077,CH,BR_9cb87343,Active,CF,ACCT_bdd1517e,Active,Derivatives,Inactive,Borrower,Inactive
RHP0077,HY,BR_b268d1fb,Active,CB,ACCT_03d592f6,Inactive,Loans,Inactive,Borrower,Active
RHP0095,DL,BR_d980945e,Active,FIC,ACCT_670592be,Inactive,Derivatives,Active,Borrower,Active
RHP0095,BL,BR_d980945e,Active,FIC,ACCT_40678837,Active,Bonds,Active,Borrower,Inactive
RHP0004,DL,BR_79e383fb,Active,CF,ACCT_b58d17b7,Inactive,Loans,Active,Borrower,Inactive
RHP0142,CH,BR_864d6dfa,Inactive,CB,ACCT_8abe7f0a,Inactive,Bonds,Inactive,Borrower,Inactive
RHP0142,BL,BR_864d6dfa,Inactive,CB,ACCT_b1870edc,Inactive,Bonds,Active,Borrower,Inactive
RHP0142,MU,BR_81ac52c3,Active,CB,ACCT_c7ccd64e,Inactive,Loans,Active,Borrower,Active
RHP0142,DL,BR_81ac52c3,Active,CB,ACCT_376586c2,Inactive,Derivatives,Inactive,Borrower,Inactive
RHP0051,HY,BR_91ed6749,Active,CB,ACCT_217d7352,Inactive,Derivatives,Inactive,Borrower,Inactive
RHP0051,DL,BR_520feddc,Inactive,CB,ACCT_089d2614,Inactive,Loans,Active,Borrower,Inactive
RHP0139,HY,BR_3053c804,Active,CF,ACCT_d4521778,Active,Derivatives,Active,Borrower,Active
RHP0139,DL,BR_e1bd1ff0,Active,CF,ACCT_0a8dc408,Active,Derivatives,Active,Borrower,Active
RHP0139,MU,BR_588eae1d,Inactive,CB,ACCT_bc5fc13f,Inactive,Derivatives,Inactive,Borrower,Active
RHP0137,CH,BR_fb855808,Inactive,FIC,ACCT_1f7aa53d,Inactive,Derivatives,Inactive,Borrower,Active
RHP0137,DL,BR_e895cced,Inactive,FIC,ACCT_ce46cab2,Active,Derivatives,Active,Borrower,Inactive
RHP0137,HY,BR_97f6cac5,Inactive,CB,ACCT_714de16d,Inactive,Loans,Inactive,Borrower,Inactive
RHP0137,PU,BR_97f6cac5,Inactive,CB,ACCT_fcccf2d8,Active,Derivatives,Active,Borrower,Inactive
RHP0021,PU,BR_d115e1f2,Active,FIC,ACCT_963601a3,Inactive,Bonds,Inactive,Borrower,Active
RHP0021,HY,BR_d115e1f2,Active,FIC,ACCT_5defa233,Active,Derivatives,Active,Borrower,Active
RHP0021,DL,BR_20710906,Inactive,CF,ACCT_5f84392b,Active,Derivatives,Active,Borrower,Inactive
RHP0021,PU,BR_20710906,Inactive,CF,ACCT_3ded53ee,Inactive,Bonds,Active,Borrower,Active
RHP0021,CH,BR_080642ab,Inactive,CF,ACCT_41177a1f,Active,Bonds,Active,Borrower,Inactive
RHP0037,PU,BR_81236d44,Inactive,FIC,ACCT_71420676,Active,Derivatives,Active,Borrower,Inactive
RHP0037,CH,BR_81236d44,Inactive,FIC,ACCT_bc95b77a,Inactive,Bonds,Active,Borrower,Active
RHP0037,CH,BR_8c3dd066,Inactive,FIC,ACCT_e1e18fb3,Inactive,Loans,Active,Borrower,Inactive
RHP0037,BL,BR_02c71edb,Inactive,CB,ACCT_a5f57c3b,Inactive,Bonds,Inactive,Borrower,Active
RHP0142,PU,BR_3a439491,Inactive,FIC,ACCT_f046bf1d,Active,Derivatives,Inactive,Borrower,Active
RHP0142,HY,BR_3a439491,Inactive,FIC,ACCT_7d10635d,Active,Loans,Inactive,Borrower,Active
RHP0142,MU,BR_2f333c55,Active,CF,ACCT_089dbc1b,Inactive,Bonds,Active,Borrower,Active
RHP0142,MU,BR_2f333c55,Active,CF,ACCT_2d0b7755,Inactive,Bonds,Inactive,Borrower,Inactive
RHP0034,BL,BR_cd851540,Active,CB,ACCT_cfa79337,Inactive,Loans,Active,Borrower,Active
RHP0034,MU,BR_cd851540,Active,CB,ACCT_faab8f00,Active,Derivatives,Inactive,Borrower,Inactive
RHP0075,DL,BR_d371a2d3,Inactive,FIC,ACCT_d2c24c21,Active,Derivatives,Inactive,Borrower,Active
RHP0075,HY,BR_4b9d4e0e,Inactive,CB,ACCT_013360b3,Inactive,Loans,Active,Borrower,Active
RHP0075,MU,BR_4b9d4e0e,Inactive,CB,ACCT_fd318aa6,Inactive,Bonds,Inactive,Borrower,Inactive
RHP0093,BL,BR_dd49c21d,Active,CF,ACCT_0aa142fa,Active,Bonds,Active,Borrower,Active
RHP0093,BL,BR_dd49c21d,Active,CF,ACCT_24caf253,Active,Bonds,Inactive,Borrower,Inactive
RHP0093,HY,BR_3faf1500,Inactive,CB,ACCT_666a7dc2,Active,Bonds,Inactive,Borrower,Active
RHP0093,BL,BR_3faf1500,Inactive,CB,ACCT_9acd096f,Inactive,Loans,Inactive,Borrower,Inactive
RHP0189,BL,BR_8dec5c35,Inactive,CF,ACCT_3fb22ef6,Inactive,Bonds,Inactive,Borrower,Inactive
RHP0189,PU,BR_ad04b1d9,Active,CF,ACCT_cd6b82a3,Active,Derivatives,Active,Borrower,Inactive
RHP0189,PU,BR_5ce31869,Active,CB,ACCT_aa1964ac,Active,Bonds,Inactive,Borrower,Active
RHP0189,PU,BR_5ce31869,Active,CB,ACCT_705d06f7,Inactive,Loans,Inactive,Borrower,Active
RHP0109,BL,BR_15d73e6a,Active,CB,ACCT_29f61595,Inactive,Derivatives,Inactive,Borrower,Active
RHP0109,DL,BR_15d73e6a,Active,CB,ACCT_d95856e5,Active,Loans,Active,Borrower,Inactive
RHP0109,MU,BR_59e0a663,Active,CF,ACCT_e6af0b80,Inactive,Bonds,Active,Borrower,Active
RHP0109,BL,BR_59e0a663,Active,CF,ACCT_e516d839,Inactive,Loans,Active,Borrower,Inactive
RHP0101,MU,BR_be06e50f,Active,CB,ACCT_0361ba3b,Inactive,Loans,Inactive,Borrower,Inactive
RHP0101,DL,BR_a4ed0e3b,Active,CF,ACCT_4f55f271,Inactive,Bonds,Inactive,Borrower,Inactive
RHP0134,MU,BR_5e49e80a,Inactive,CB,ACCT_b7859ba0,Inactive,Derivatives,Inactive,Borrower,Inactive
RHP0134,PU,BR_fc263272,Inactive,FIC,ACCT_9bf0f12c,Active,Bonds,Active,Borrower,Inactive
RHP0063,DL,BR_00551e70,Active,CF,ACCT_da9847ae,Inactive,Derivatives,Inactive,Borrower,Inactive
RHP0063,MU,BR_1f4cd1ba,Inactive,CF,ACCT_76ee20dc,Active,Derivatives,Inactive,Borrower,Inactive
RHP0063,BL,BR_73c86bfa,Active,CB,ACCT_e0daf7b5,Inactive,Loans,Active,Borrower,Active
RHP0063,BL,BR_73c86bfa,Active,CB,ACCT_5f41c518,Active,Derivatives,Active,Borrower,Active
RHP0084,CH,BR_e83e9521,Inactive,FIC,ACCT_82502123,Inactive,Derivatives,Inactive,Borrower,Inactive
RHP0084,BL,BR_e83e9521,Inactive,FIC,ACCT_a239f0bb,Inactive,Derivatives,Active,Borrower,Inactive
RHP0118,MU,BR_0b304566,Active,CF,ACCT_392062df,Active,Derivatives,Active,Borrower,Inactive
RHP0118,BL,BR_0b304566,Active,CF,ACCT_ac991ce4,Active,Bonds,Active,Borrower,Active
RHP0118,HY,BR_73ed41ec,Active,CF,ACCT_9e6883a9,Inactive,Derivatives,Active,Borrower,Inactive
RHP0118,HY,BR_73ed41ec,Active,CF,ACCT_a055cbaa,Active,Bonds,Active,Borrower,Active
RHP0118,MU,BR_9e33c964,Inactive,FIC,ACCT_4b3841c2,Inactive,Bonds,Active,Borrower,Inactive
RHP0125,PU,BR_7737a434,Active,CB,ACCT_5a2ca96c,Inactive,Derivatives,Inactive,Borrower,Inactive
RHP0125,CH,BR_7737a434,Active,CB,ACCT_a3e10426,Inactive,Bonds,Active,Borrower,Active
RHP0008,HY,BR_fdc219bf,Inactive,FIC,ACCT_964edff2,Active,Derivatives,Inactive,Borrower,Active
RHP0008,BL,BR_fdc219bf,Inactive,FIC,ACCT_c288e076,Inactive,Derivatives,Active,Borrower,Active
RHP0199,MU,BR_18c247a6,Inactive,CF,ACCT_7a1f819f,Inactive,Derivatives,Active,Borrower,Inactive
RHP0199,HY,BR_ac76ab92,Active,CB,ACCT_5fad11ba,Inactive,Bonds,Inactive,Borrower,Active
RHP0199,CH,BR_a3c609c2,Active,FIC,ACCT_f1509b06,Inactive,Derivatives,Inactive,Borrower,Active
RHP0036,PU,BR_4c18ae30,Active,FIC,ACCT_72353149,Inactive,Derivatives,Active,Borrower,Inactive
RHP0036,DL,BR_4c18ae30,Active,FIC,ACCT_4051b041,Inactive,Bonds,Inactive,Borrower,Active
RHP0193,DL,BR_b1ed8147,Active,CB,ACCT_9e8794a1,Active,Loans,Active,Borrower,Inactive
RHP0193,HY,BR_3e070cef,Inactive,CB,ACCT_4bd294ad,Inactive,Derivatives,Inactive,Borrower,Inactive
RHP0020,CH,BR_ed56ba90,Active,CB,ACCT_6c00b0b1,Inactive,Bonds,Inactive,Borrower,Inactive
RHP0020,PU,BR_ed56ba90,Active,CB,ACCT_1b327de2,Active,Derivatives,Active,Borrower,Inactive
RHP0020,BL,BR_bde88aa7,Inactive,FIC,ACCT_9c368358,Active,Bonds,Active,Borrower,Inactive
RHP0020,CH,BR_bde88aa7,Inactive,FIC,ACCT_31e475e7,Inactive,Bonds,Inactive,Borrower,Active
RHP0020,MU,BR_3cf77e1e,Inactive,CB,ACCT_2f41996d,Active,Loans,Inactive,Borrower,Active
RHP0041,DL,BR_cbb38d75,Inactive,FIC,ACCT_0bfa65f2,Active,Derivatives,Active,Borrower,Inactive
RHP0041,MU,BR_cbb38d75,Inactive,FIC,ACCT_c0ba26ea,Inactive,Loans,Inactive,Borrower,Inactive
RHP0041,HY,BR_409deb62,Inactive,CF,ACCT_5033a13c,Active,Bonds,Inactive,Borrower,Active
RHP0168,CH,BR_1de4ddff,Active,FIC,ACCT_7437d7f5,Inactive,Loans,Active,Borrower,Active
RHP0175,MU,BR_2ef27ca9,Active,FIC,ACCT_daeaac6c,Active,Bonds,Active,Borrower,Inactive
RHP0175,MU,BR_2ef27ca9,Active,FIC,ACCT_1e8309cb,Active,Bonds,Active,Borrower,Active
RHP0175,MU,BR_5fd692af,Inactive,CB,ACCT_5bb21645,Active,Bonds,Active,Borrower,Inactive
RHP0175,BL,BR_5fd692af,Inactive,CB,ACCT_58308d92,Active,Derivatives,Active,Borrower,Inactive
RHP0185,MU,BR_f943a22b,Active,CB,ACCT_1130095e,Active,Loans,Active,Borrower,Active
RHP0185,DL,BR_f943a22b,Active,CB,ACCT_23adb5f8,Inactive,Bonds,Inactive,Borrower,Inactive
RHP0064,CH,BR_1c8ad62e,Active,FIC,ACCT_9aeddb2b,Active,Derivatives,Inactive,Borrower,Active
RHP0064,PU,BR_1c8ad62e,Active,FIC,ACCT_2cd60c5e,Active,Derivatives,Inactive,Borrower,Inactive
RHP0064,PU,BR_ca14a94f,Active,FIC,ACCT_b90ae78f,Inactive,Loans,Active,Borrower,Inactive
RHP0064,BL,BR_ca14a94f,Active,FIC,ACCT_c9fe2b68,Active,Derivatives,Active,Borrower,Inactive
RHP0034,MU,BR_722115d4,Inactive,CB,ACCT_dd42fb9e,Inactive,Loans,Active,Borrower,Active
RHP0034,HY,BR_b54b15c0,Inactive,FIC,ACCT_5da907e4,Active,Bonds,Inactive,Borrower,Inactive
RHP0180,CH,BR_d203a456,Active,CF,ACCT_af2f0ea1,Inactive,Loans,Inactive,Borrower,Active
RHP0180,PU,BR_47828227,Active,FIC,ACCT_1645b28e,Inactive,Derivatives,Active,Borrower,Inactive
RHP0180,DL,BR_47828227,Active,FIC,ACCT_d7c3fc1d,Inactive,Derivatives,Active,Borrower,Active
RHP0023,MU,BR_292c0d45,Active,CB,ACCT_adc2d3dd,Inactive,Derivatives,Active,Borrower,Active
RHP0023,DL,BR_bad377c2,Active,CF,ACCT_31cadbe3,Active,Bonds,Inactive,Borrower,Inactive
RHP0096,CH,BR_dbf29d4c,Inactive,CF,ACCT_e1e0946b,Active,Bonds,Inactive,Borrower,Inactive
RHP0017,BL,BR_e2a1e882,Active,CB,ACCT_14e5cd48,Inactive,Loans,Inactive,Borrower,Active
RHP0017,DL,BR_e2a1e882,Active,CB,ACCT_30513467,Active,Bonds,Active,Borrower,Active
RHP0017,HY,BR_8fcf152a,Active,FIC,ACCT_6b94c166,Active,Loans,Inactive,Borrower,Inactive
RHP0039,PU,BR_3bfbc91e,Active,CF,ACCT_4e468a38,Active,Bonds,Active,Borrower,Inactive
RHP0039,MU,BR_3bfbc91e,Active,CF,ACCT_cd7401f2,Inactive,Bonds,Active,Borrower,Inactive
RHP0129,BL,BR_f99577c4,Active,FIC,ACCT_25ea1c51,Active,Bonds,Active,Borrower,Inactive
RHP0129,BL,BR_81ca1f92,Inactive,CB,ACCT_03ae7076,Inactive,Loans,Inactive,Borrower,Active
RHP0129,PU,BR_aa14f5ab,Inactive,CF,ACCT_e9dea8d6,Inactive,Bonds,Inactive,Borrower,Active
RHP0140,BL,BR_d4dd599c,Active,FIC,ACCT_e0110e24,Active,Loans,Inactive,Borrower,Active
RHP0140,MU,BR_d4dd599c,Active,FIC,ACCT_25051c7d,Active,Derivatives,Inactive,Borrower,Inactive
RHP0053,MU,BR_2077ba78,Active,CB,ACCT_f987ffeb,Active,Loans,Inactive,Borrower,Active
RHP0053,HY,BR_2077ba78,Active,CB,ACCT_9b00a998,Active,Derivatives,Inactive,Borrower,Inactive
RHP0053,CH,BR_5305aef8,Active,CF,ACCT_89df0e5b,Active,Derivatives,Inactive,Borrower,Active
RHP0053,HY,BR_206fb5d9,Active,CB,ACCT_3c21b5a3,Active,Bonds,Inactive,Borrower,Inactive
RHP0180,DL,BR_0736c1c4,Inactive,CB,ACCT_85d880f9,Inactive,Loans,Active,Borrower,Active
RHP0180,HY,BR_0736c1c4,Inactive,CB,ACCT_977dfd59,Active,Loans,Active,Borrower,Inactive
RHP0180,HY,BR_fa852972,Inactive,CB,ACCT_fbff1186,Active,Derivatives,Inactive,Borrower,Active
RHP0180,MU,BR_fa852972,Inactive,CB,ACCT_299c1a4a,Inactive,Bonds,Inactive,Borrower,Active
RHP0180,MU,BR_43785867,Active,CF,ACCT_3a8ec77c,Active,Loans,Inactive,Borrower,Active
RHP0180,PU,BR_43785867,Active,CF,ACCT_6c3af1f5,Active,Bonds,Inactive,Borrower,Active
RHP0077,HY,BR_335e9f00,Active,FIC,ACCT_6ce752e3,Inactive,Derivatives,Active,Borrower,Active
RHP0077,MU,BR_335e9f00,Active,FIC,ACCT_fd4e3037,Active,Loans,Active,Borrower,Active
RHP0077,MU,BR_4a7b4cc8,Active,FIC,ACCT_09428b49,Inactive,Bonds,Active,Borrower,Inactive
RHP0006,MU,BR_5a79ac7a,Active,CF,ACCT_614adb8a,Active,Loans,Inactive,Borrower,Active
RHP0006,PU,BR_5a79ac7a,Active,CF,ACCT_80378339,Inactive,Loans,Active,Borrower,Inactive
RHP0102,BL,BR_567eef55,Active,CB,ACCT_ba9e83a8,Active,Bonds,Active,Borrower,Active
RHP0102,CH,BR_567eef55,Active,CB,ACCT_f76923d0,Inactive,Bonds,Active,Borrower,Active
RHP0102,MU,BR_5a9e0ad0,Active,CF,ACCT_84ac98e2,Inactive,Bonds,Inactive,Borrower,Active
RHP0102,DL,BR_5a9e0ad0,Active,CF,ACCT_c1702353,Inactive,Bonds,Active,Borrower,Inactive
RHP0165,CH,BR_4ebb4886,Active,CF,ACCT_d1382926,Inactive,Derivatives,Inactive,Borrower,Inactive
RHP0165,BL,BR_daa3d2c9,Inactive,CB,ACCT_03b36928,Inactive,Bonds,Active,Borrower,Active
RHP0165,HY,BR_daa3d2c9,Inactive,CB,ACCT_0023800c,Active,Loans,Inactive,Borrower,Active
RHP0165,BL,BR_7dbbe06e,Inactive,CF,ACCT_ff917104,Active,Loans,Active,Borrower,Inactive
RHP0137,CH,BR_339bbac7,Active,FIC,ACCT_6708fd8c,Inactive,Loans,Active,Borrower,Active
RHP0137,PU,BR_339bbac7,Active,FIC,ACCT_1a7774f7,Inactive,Derivatives,Inactive,Borrower,Active
RHP0137,HY,BR_19932fd6,Inactive,CF,ACCT_f9d9bcdd,Active,Bonds,Inactive,Borrower,Active
RHP0137,CH,BR_3a1467b1,Active,FIC,ACCT_635f85cf,Active,Derivatives,Active,Borrower,Active
RHP0123,MU,BR_bbdd625e,Inactive,CF,ACCT_beb05be9,Active,Bonds,Active,Borrower,Inactive
RHP0006,BL,BR_002d5e72,Active,FIC,ACCT_9afd4b9c,Active,Bonds,Inactive,Borrower,Active
RHP0006,PU,BR_002d5e72,Active,FIC,ACCT_fe1c89f1,Inactive,Bonds,Active,Borrower,Active
RHP0112,PU,BR_62662b7f,Inactive,CF,ACCT_dcbc5a11,Active,Derivatives,Inactive,Borrower,Active
RHP0112,DL,BR_62662b7f,Inactive,CF,ACCT_95afea95,Active,Bonds,Inactive,Borrower,Inactive
RHP0112,CH,BR_037e418c,Active,CF,ACCT_cff0b76a,Inactive,Derivatives,Active,Borrower,Active
RHP0112,PU,BR_6b720526,Inactive,CF,ACCT_05498d9a,Active,Bonds,Active,Borrower,Inactive
RHP0020,MU,BR_cad9b689,Inactive,CB,ACCT_f29e161c,Active,Derivatives,Inactive,Borrower,Inactive
RHP0068,MU,BR_5234a2b6,Active,CF,ACCT_2e0a08ff,Inactive,Bonds,Active,Borrower,Active
RHP0099,MU,BR_57f14c25,Inactive,FIC,ACCT_b405826f,Inactive,Bonds,Inactive,Borrower,Inactive
RHP0099,HY,BR_57f14c25,Inactive,FIC,ACCT_88273381,Inactive,Derivatives,Active,Borrower,Active
RHP0099,MU,BR_94f492f5,Active,FIC,ACCT_50a7b4fe,Active,Bonds,Inactive,Borrower,Active
RHP0099,PU,BR_94f492f5,Active,FIC,ACCT_8743d9d9,Inactive,Loans,Inactive,Borrower,Active
RHP0020,DL,BR_5ea22e9c,Active,CB,ACCT_cf337fc2,Active,Bonds,Active,Borrower,Inactive
RHP0020,DL,BR_5ea22e9c,Active,CB,ACCT_2a57a0d5,Active,Loans,Inactive,Borrower,Active
RHP0020,MU,BR_1a18b4b8,Inactive,CF,ACCT_e02a6645,Inactive,Bonds,Active,Borrower,Active
RHP0020,MU,BR_1a18b4b8,Inactive,CF,ACCT_acb4c392,Inactive,Derivatives,Inactive,Borrower,Active
RHP0020,MU,BR_2527bac0,Inactive,FIC,ACCT_34d7a57a,Active,Bonds,Inactive,Borrower,Active
RHP0020,MU,BR_2527bac0,Inactive,FIC,ACCT_2e413e41,Active,Loans,Active,Borrower,Inactive
RHP0122,PU,BR_5e360289,Inactive,CB,ACCT_81d96981,Inactive,Derivatives,Inactive,Borrower,Active
RHP0122,BL,BR_5e360289,Inactive,CB,ACCT_ad586bd9,Inactive,Loans,Inactive,Borrower,Inactive
RHP0048,CH,BR_00d88c85,Active,CB,ACCT_5df93c90,Inactive,Bonds,Active,Borrower,Inactive
RHP0048,PU,BR_00d88c85,Active,CB,ACCT_5037847c,Active,Loans,Active,Borrower,Active
RHP0048,CH,BR_ed2c5f37,Inactive,CF,ACCT_4857875d,Active,Derivatives,Active,Borrower,Inactive
RHP0048,HY,BR_ed2c5f37,Inactive,CF,ACCT_6f4b2545,Inactive,Derivatives,Inactive,Borrower,Active
RHP0077,DL,BR_6f878c32,Inactive,CF,ACCT_45515f18,Active,Loans,Inactive,Borrower,Active
RHP0055,PU,BR_54f1e4e1,Active,FIC,ACCT_48c510e0,Active,Derivatives,Inactive,Borrower,Active
RHP0055,PU,BR_54f1e4e1,Active,FIC,ACCT_357af321,Active,Derivatives,Inactive,Borrower,Inactive
RHP0018,PU,BR_cec09b39,Inactive,CF,ACCT_95f17242,Inactive,Bonds,Inactive,Borrower,Active
RHP0018,DL,BR_cec09b39,Inactive,CF,ACCT_a55ec591,Inactive,Loans,Inactive,Borrower,Active
RHP0146,BL,BR_62c644ba,Active,FIC,ACCT_053aa6e7,Inactive,Derivatives,Inactive,Borrower,Inactive
RHP0146,HY,BR_5cd8c49d,Inactive,CF,ACCT_4f27c8fc,Inactive,Loans,Active,Borrower,Inactive
RHP0146,HY,BR_5cd8c49d,Inactive,CF,ACCT_4e10b359,Active,Derivatives,Inactive,Borrower,Active
RHP0146,BL,BR_618281ee,Inactive,CF,ACCT_26e27e67,Active,Derivatives,Inactive,Borrower,Inactive
RHP0006,DL,BR_a770d13a,Inactive,CB,ACCT_2ae293f1,Inactive,Derivatives,Active,Borrower,Active
RHP0006,BL,BR_a770d13a,Inactive,CB,ACCT_75d1774c,Inactive,Derivatives,Inactive,Borrower,Inactive
RHP0006,PU,BR_63d20f9a,Inactive,CF,ACCT_b941fd15,Active,Bonds,Active,Borrower,Inactive
RHP0125,CH,BR_4b9faddf,Inactive,FIC,ACCT_dd614af5,Active,Bonds,Inactive,Borrower,Active
RHP0125,HY,BR_36412ea6,Active,FIC,ACCT_ace36be2,Active,Loans,Active,Borrower,Active
RHP0125,PU,BR_714b65ee,Active,CB,ACCT_9957afdb,Inactive,Bonds,Inactive,Borrower,Inactive
RHP0032,HY,BR_f9e97e55,Active,FIC,ACCT_b253ed4f,Inactive,Derivatives,Inactive,Borrower,Active
RHP0032,PU,BR_f9e97e55,Active,FIC,ACCT_d738aca5,Inactive,Bonds,Active,Borrower,Inactive
RHP0032,DL,BR_35b6c8c7,Active,CB,ACCT_e8ae90ae,Inactive,Loans,Active,Borrower,Active
RHP0032,PU,BR_e5082dd7,Active,CF,ACCT_0f6f94ad,Inactive,Derivatives,Inactive,Borrower,Active
RHP0003,PU,BR_24ca6353,Active,CF,ACCT_dcc4a65b,Active,Loans,Inactive,Borrower,Inactive
RHP0003,HY,BR_dc0a43d2,Inactive,CB,ACCT_599890fc,Inactive,Bonds,Inactive,Borrower,Active
RHP0003,MU,BR_dc0a43d2,Inactive,CB,ACCT_07463762,Inactive,Derivatives,Inactive,Borrower,Active
RHP0131,MU,BR_8b62e4d7,Inactive,CF,ACCT_e65714d5,Inactive,Derivatives,Active,Borrower,Inactive
RHP0131,BL,BR_8b62e4d7,Inactive,CF,ACCT_1f29517b,Inactive,Bonds,Inactive,Borrower,Inactive
RHP0131,PU,BR_51cf4e48,Inactive,FIC,ACCT_a7514041,Active,Loans,Inactive,Borrower,Inactive
RHP0131,HY,BR_57bff8fb,Active,CF,ACCT_20bd852a,Inactive,Bonds,Inactive,Borrower,Inactive
RHP0100,PU,BR_33690d6f,Active,CF,ACCT_308e45da,Inactive,Derivatives,Active,Borrower,Inactive
RHP0100,MU,BR_0335a83c,Inactive,CF,ACCT_0107ecd8,Active,Derivatives,Active,Borrower,Inactive
RHP0100,PU,BR_0335a83c,Inactive,CF,ACCT_47254612,Inactive,Loans,Inactive,Borrower,Active
RHP0100,HY,BR_95b44a6e,Inactive,CF,ACCT_cd99d89c,Active,Bonds,Active,Borrower,Inactive
RHP0085,PU,BR_faec5a54,Inactive,CF,ACCT_6eee8045,Inactive,Loans,Inactive,Borrower,Active
RHP0085,PU,BR_faec5a54,Inactive,CF,ACCT_0d57bf34,Active,Bonds,Active,Borrower,Inactive
RHP0085,DL,BR_b4a7960a,Inactive,CF,ACCT_f9dc49df,Inactive,Loans,Active,Borrower,Active
RHP0085,BL,BR_b4a7960a,Inactive,CF,ACCT_fe21e14d,Inactive,Bonds,Inactive,Borrower,Active
RHP0184,HY,BR_fa5e5834,Active,CB,ACCT_38628eef,Active,Bonds,Active,Borrower,Active
RHP0184,HY,BR_fa5e5834,Active,CB,ACCT_35feff1a,Inactive,Loans,Active,Borrower,Active
RHP0196,HY,BR_737c8504,Active,CF,ACCT_dc6bcecb,Inactive,Bonds,Inactive,Borrower,Inactive
RHP0196,MU,BR_737c8504,Active,CF,ACCT_160e3cdb,Active,Loans,Active,Borrower,Inactive
RHP0083,DL,BR_03d40cc3,Active,FIC,ACCT_88baa56e,Active,Loans,Inactive,Borrower,Inactive
RHP0083,BL,BR_565b8a20,Active,CB,ACCT_1159a4a1,Active,Loans,Active,Borrower,Inactive
RHP0083,PU,BR_565b8a20,Active,CB,ACCT_5e385bc3,Inactive,Derivatives,Inactive,Borrower,Inactive
RHP0083,MU,BR_f9907f24,Active,CB,ACCT_8618f1b9,Inactive,Loans,Active,Borrower,Inactive
RHP0083,PU,BR_f9907f24,Active,CB,ACCT_879aaee4,Active,Loans,Active,Borrower,Active
RHP0006,CH,BR_3f55adfb,Active,FIC,ACCT_715d2e75,Active,Bonds,Inactive,Borrower,Active
RHP0006,MU,BR_3f55adfb,Active,FIC,ACCT_9739b0c2,Active,Derivatives,Active,Borrower,Active
RHP0006,PU,BR_1cc3841f,Active,CB,ACCT_59eba3d2,Inactive,Loans,Inactive,Borrower,Inactive
RHP0006,HY,BR_1cc3841f,Active,CB,ACCT_fdc6e244,Active,Loans,Active,Borrower,Inactive
RHP0006,BL,BR_a71cd95e,Active,CF,ACCT_cd3b1f46,Active,Bonds,Active,Borrower,Active
RHP0006,CH,BR_a71cd95e,Active,CF,ACCT_58083df8,Active,Loans,Inactive,Borrower,Active
RHP0052,DL,BR_1d101e5c,Active,CB,ACCT_b2969ba2,Inactive,Loans,Active,Borrower,Inactive
RHP0052,MU,BR_1d101e5c,Active,CB,ACCT_19c875a0,Inactive,Bonds,Active,Borrower,Active
RHP0052,BL,BR_80aeb2f5,Active,FIC,ACCT_5b25dd5e,Active,Loans,Active,Borrower,Active
RHP0052,HY,BR_80aeb2f5,Active,FIC,ACCT_823808e3,Active,Bonds,Inactive,Borrower,Inactive
RHP0013,PU,BR_ea65cba1,Active,FIC,ACCT_9ae57738,Inactive,Derivatives,Inactive,Borrower,Inactive
RHP0013,DL,BR_ea65cba1,Active,FIC,ACCT_62c05490,Active,Loans,Active,Borrower,Active
RHP0170,BL,BR_2d145844,Active,CB,ACCT_caeee3b7,Inactive,Derivatives,Inactive,Borrower,Active
RHP0170,HY,BR_2d145844,Active,CB,ACCT_29140b48,Inactive,Loans,Active,Borrower,Inactive
RHP0170,DL,BR_b61cec84,Inactive,CB,ACCT_dc01bea1,Inactive,Bonds,Active,Borrower,Active
RHP0170,CH,BR_b61cec84,Inactive,CB,ACCT_99afe04d,Active,Loans,Active,Borrower,Inactive
RHP0170,CH,BR_b19ffea2,Inactive,CF,ACCT_cebc3888,Active,Derivatives,Inactive,Borrower,Inactive
RHP0170,HY,BR_b19ffea2,Inactive,CF,ACCT_c49a7569,Active,Derivatives,Active,Borrower,Inactive
RHP0029,PU,BR_a62c2743,Inactive,FIC,ACCT_0e216f5b,Inactive,Derivatives,Inactive,Borrower,Active
RHP0029,BL,BR_514f6003,Active,CF,ACCT_56a032fc,Active,Bonds,Active,Borrower,Inactive
RHP0029,PU,BR_514f6003,Active,CF,ACCT_b5da6ae6,Inactive,Loans,Active,Borrower,Active
RHP0041,BL,BR_b40c2d4a,Inactive,CB,ACCT_5a1f0eb4,Active,Bonds,Inactive,Borrower,Active
RHP0041,HY,BR_d487a8ac,Inactive,FIC,ACCT_1e6f64a3,Inactive,Bonds,Active,Borrower,Active
RHP0041,MU,BR_a3fb76d2,Inactive,CF,ACCT_f3482a51,Active,Bonds,Inactive,Borrower,Inactive
RHP0041,HY,BR_a3fb76d2,Inactive,CF,ACCT_72c5600a,Inactive,Derivatives,Active,Borrower,Active
RHP0106,BL,BR_61e36152,Active,FIC,ACCT_6160ad93,Active,Derivatives,Inactive,Borrower,Inactive
RHP0106,CH,BR_61e36152,Active,FIC,ACCT_bd20626e,Active,Loans,Inactive,Borrower,Inactive
RHP0197,MU,BR_112de5e3,Inactive,CF,ACCT_00f932ac,Inactive,Loans,Active,Borrower,Active
RHP0197,PU,BR_112de5e3,Inactive,CF,ACCT_05d107c9,Inactive,Bonds,Inactive,Borrower,Inactive
RHP0197,BL,BR_9177b719,Active,FIC,ACCT_500472c4,Inactive,Loans,Inactive,Borrower,Active
RHP0197,PU,BR_61b1760c,Active,FIC,ACCT_b2718aa7,Inactive,Loans,Inactive,Borrower,Active
RHP0087,MU,BR_8fc44760,Inactive,FIC,ACCT_8905be16,Inactive,Bonds,Active,Borrower,Inactive
RHP0136,PU,BR_b8630e5d,Active,CF,ACCT_989d2139,Inactive,Derivatives,Active,Borrower,Active
RHP0136,CH,BR_b8630e5d,Active,CF,ACCT_f33ed2d9,Active,Loans,Inactive,Borrower,Inactive
RHP0136,HY,BR_fa65029f,Inactive,CB,ACCT_a016cae4,Inactive,Bonds,Inactive,Borrower,Inactive
RHP0136,DL,BR_5dda3551,Active,FIC,ACCT_b81e8082,Inactive,Derivatives,Inactive,Borrower,Active
RHP0136,PU,BR_5dda3551,Active,FIC,ACCT_34af4350,Active,Derivatives,Inactive,Borrower,Inactive
RHP0034,PU,BR_8f09e9b3,Active,CF,ACCT_10df3360,Active,Bonds,Inactive,Borrower,Inactive
RHP0034,MU,BR_8f09e9b3,Active,CF,ACCT_b1746800,Inactive,Bonds,Active,Borrower,Active
RHP0034,BL,BR_4529f0e9,Inactive,FIC,ACCT_605318b2,Active,Loans,Inactive,Borrower,Active
RHP0034,HY,BR_1ecc2bad,Inactive,FIC,ACCT_1307574b,Inactive,Loans,Active,Borrower,Inactive
RHP0027,HY,BR_22a02b18,Active,CF,ACCT_0f3e1cd4,Active,Derivatives,Inactive,Borrower,Active
RHP0027,MU,BR_22a02b18,Active,CF,ACCT_6a31ed80,Inactive,Bonds,Inactive,Borrower,Active
RHP0027,PU,BR_f9f32bed,Inactive,FIC,ACCT_b7b9a946,Active,Derivatives,Inactive,Borrower,Active
RHP0027,PU,BR_f9f32bed,Inactive,FIC,ACCT_5b563110,Active,Bonds,Inactive,Borrower,Active
RHP0027,BL,BR_26854450,Active,FIC,ACCT_c4e33cd7,Active,Bonds,Active,Borrower,Inactive
RHP0143,MU,BR_75db0c40,Active,FIC,ACCT_2c05413d,Active,Bonds,Inactive,Borrower,Active
RHP0143,HY,BR_75db0c40,Active,FIC,ACCT_b7a99b80,Active,Bonds,Active,Borrower,Inactive
RHP0143,HY,BR_cb7074af,Inactive,FIC,ACCT_d5aa4798,Active,Loans,Active,Borrower,Inactive
RHP0143,DL,BR_cb7074af,Inactive,FIC,ACCT_073a6c0e,Inactive,Loans,Inactive,Borrower,Active
RHP0170,MU,BR_13cdf058,Inactive,CB,ACCT_bd27c24b,Active,Derivatives,Inactive,Borrower,Active
RHP0170,MU,BR_13cdf058,Inactive,CB,ACCT_628568c7,Inactive,Bonds,Active,Borrower,Active
RHP0170,CH,BR_6d0f9dae,Inactive,CB,ACCT_2c41da92,Inactive,Bonds,Inactive,Borrower,Active
RHP0198,CH,BR_0fea22b1,Inactive,CB,ACCT_fdab2c96,Inactive,Derivatives,Active,Borrower,Inactive
RHP0198,PU,BR_4a6707d4,Active,FIC,ACCT_c86458df,Active,Derivatives,Active,Borrower,Active
RHP0162,MU,BR_54555cb4,Inactive,FIC,ACCT_301be46d,Inactive,Derivatives,Active,Borrower,Active
RHP0118,CH,BR_dbf5a102,Inactive,FIC,ACCT_d25d2873,Active,Loans,Active,Borrower,Inactive
RHP0118,PU,BR_c27c2cc7,Active,CF,ACCT_bae3e51d,Inactive,Bonds,Inactive,Borrower,Inactive
RHP0118,PU,BR_e5c47baa,Inactive,CB,ACCT_0965f15a,Active,Bonds,Active,Borrower,Inactive
RHP0118,BL,BR_e5c47baa,Inactive,CB,ACCT_2a8ea214,Active,Derivatives,Active,Borrower,Inactive
RHP0129,HY,BR_06d91ae0,Inactive,CF,ACCT_6f86fcbe,Active,Bonds,Inactive,Borrower,Inactive
RHP0129,DL,BR_06d91ae0,Inactive,CF,ACCT_bc96f79c,Active,Bonds,Active,Borrower,Inactive
RHP0192,CH,BR_ba6f759a,Inactive,CF,ACCT_74182092,Inactive,Derivatives,Inactive,Borrower,Active
RHP0192,BL,BR_e2ebf5f6,Active,FIC,ACCT_83877460,Active,Derivatives,Inactive,Borrower,Active
RHP0054,CH,BR_dd10c827,Inactive,FIC,ACCT_03c28ba2,Active,Loans,Active,Borrower,Inactive
RHP0054,PU,BR_dd10c827,Inactive,FIC,ACCT_5c4a8937,Inactive,Loans,Active,Borrower,Active
RHP0054,MU,BR_cc5051ce,Active,CF,ACCT_58cacd8f,Active,Bonds,Active,Borrower,Inactive
RHP0054,BL,BR_cc5051ce,Active,CF,ACCT_654dd74b,Active,Derivatives,Inactive,Borrower,Inactive
RHP0054,BL,BR_ce679a7e,Active,CF,ACCT_92586c43,Active,Bonds,Active,Borrower,Active
RHP0125,HY,BR_58e667b1,Inactive,CF,ACCT_a247c87d,Active,Derivatives,Inactive,Borrower,Inactive
RHP0125,DL,BR_58e667b1,Inactive,CF,ACCT_8bd9c7ac,Active,Loans,Inactive,Borrower,Active
RHP0125,HY,BR_18ad6c61,Inactive,CB,ACCT_f5fe2141,Active,Derivatives,Inactive,Borrower,Inactive
RHP0125,CH,BR_18ad6c61,Inactive,CB,ACCT_d7c6d96b,Inactive,Bonds,Inactive,Borrower,Inactive
RHP0028,MU,BR_2db78d4b,Active,CB,ACCT_154aeb33,Active,Bonds,Active,Borrower,Active
RHP0130,PU,BR_ee9144de,Active,CF,ACCT_e2da8bd6,Active,Loans,Inactive,Borrower,Inactive
RHP0130,CH,BR_ee9144de,Active,CF,ACCT_93f50540,Active,Bonds,Inactive,Borrower,Active
RHP0130,PU,BR_3b27bcfd,Inactive,FIC,ACCT_c8aebde9,Active,Bonds,Inactive,Borrower,Active
RHP0130,HY,BR_3b27bcfd,Inactive,FIC,ACCT_1d0cadae,Active,Derivatives,Active,Borrower,Inactive
RHP0130,HY,BR_ff3d0e64,Active,FIC,ACCT_144dcb7a,Inactive,Bonds,Active,Borrower,Active
RHP0060,HY,BR_d4d56429,Inactive,CB,ACCT_f6b16b72,Active,Derivatives,Active,Borrower,Inactive
RHP0121,CH,BR_ffe8d618,Active,FIC,ACCT_7a94e6e6,Active,Derivatives,Inactive,Borrower,Inactive
RHP0121,CH,BR_ffe8d618,Active,FIC,ACCT_4bdc7601,Active,Bonds,Inactive,Borrower,Inactive
RHP0121,BL,BR_3470a158,Active,CF,ACCT_176d71f0,Inactive,Loans,Inactive,Borrower,Inactive
RHP0121,HY,BR_3470a158,Active,CF,ACCT_ad30af40,Inactive,Bonds,Active,Borrower,Active
RHP0043,BL,BR_20dae155,Active,CF,ACCT_b2dd68a5,Active,Loans,Active,Borrower,Active
RHP0043,BL,BR_20dae155,Active,CF,ACCT_81c6ea44,Active,Derivatives,Active,Borrower,Inactive
RHP0185,MU,BR_9db8c1b8,Inactive,CF,ACCT_b5378bb8,Inactive,Loans,Active,Borrower,Inactive
RHP0185,DL,BR_9db8c1b8,Inactive,CF,ACCT_1a87c062,Active,Loans,Active,Borrower,Inactive
RHP0162,CH,BR_d90ad9e2,Active,CF,ACCT_47022ec1,Active,Loans,Inactive,Borrower,Active
RHP0162,CH,BR_b9699b3c,Inactive,CF,ACCT_cba06adc,Inactive,Loans,Active,Borrower,Inactive
RHP0162,CH,BR_176fb851,Inactive,CB,ACCT_b1b599ba,Active,Bonds,Active,Borrower,Inactive
RHP0169,HY,BR_85538107,Inactive,FIC,ACCT_f61efa65,Inactive,Derivatives,Active,Borrower,Active
RHP0169,DL,BR_85538107,Inactive,FIC,ACCT_081f6984,Inactive,Loans,Active,Borrower,Active
RHP0169,MU,BR_623687bb,Inactive,FIC,ACCT_c89a7b06,Active,Bonds,Active,Borrower,Inactive
RHP0169,BL,BR_9cddd726,Inactive,CF,ACCT_f9d63117,Active,Derivatives,Inactive,Borrower,Inactive
RHP0012,DL,BR_6a0777ad,Inactive,FIC,ACCT_3f671174,Inactive,Bonds,Active,Borrower,Inactive
RHP0012,BL,BR_6a0777ad,Inactive,FIC,ACCT_ff898db5,Inactive,Bonds,Active,Borrower,Active
RHP0012,CH,BR_e14127ba,Inactive,CB,ACCT_2229d01f,Active,Derivatives,Active,Borrower,Inactive
RHP0012,DL,BR_dba0d0bc,Active,CB,ACCT_d599e6b5,Inactive,Bonds,Inactive,Borrower,Active
RHP0110,DL,BR_a4b9c397,Inactive,CB,ACCT_90afbb32,Inactive,Derivatives,Inactive,Borrower,Inactive
RHP0110,BL,BR_a4b9c397,Inactive,CB,ACCT_977bbeb4,Inactive,Derivatives,Inactive,Borrower,Active
RHP0110,PU,BR_a073c356,Inactive,CB,ACCT_c40a3a63,Inactive,Derivatives,Inactive,Borrower,Active
RHP0110,PU,BR_a073c356,Inactive,CB,ACCT_cb9f3662,Active,Derivatives,Active,Borrower,Inactive
RHP0110,HY,BR_3192239f,Active,FIC,ACCT_e5be7c07,Inactive,Bonds,Active,Borrower,Active
RHP0163,DL,BR_10c44c32,Active,FIC,ACCT_fe89805e,Inactive,Loans,Active,Borrower,Inactive
RHP0163,HY,BR_10c44c32,Active,FIC,ACCT_08e760bc,Inactive,Loans,Active,Borrower,Inactive
RHP0158,MU,BR_081a32ff,Inactive,CF,ACCT_e6814562,Active,Derivatives,Inactive,Borrower,Inactive
RHP0158,PU,BR_36683464,Active,CF,ACCT_97d59f9a,Active,Loans,Active,Borrower,Active
RHP0158,DL,BR_36683464,Active,CF,ACCT_7e6eebd5,Active,Bonds,Active,Borrower,Active
RHP0158,CH,BR_7eae5ae0,Active,CB,ACCT_657a238e,Inactive,Derivatives,Inactive,Borrower,Inactive
RHP0158,MU,BR_7eae5ae0,Active,CB,ACCT_84efcb90,Active,Derivatives,Active,Borrower,Active
RHP0141,HY,BR_3d954133,Inactive,CB,ACCT_0d1de957,Active,Derivatives,Active,Borrower,Inactive
RHP0141,CH,BR_3d954133,Inactive,CB,ACCT_55fe2830,Active,Bonds,Active,Borrower,Inactive
RHP0141,CH,BR_90f28010,Active,CF,ACCT_977cdc61,Inactive,Bonds,Active,Borrower,Inactive
RHP0148,CH,BR_7493c99a,Inactive,CB,ACCT_0173d63a,Active,Bonds,Inactive,Borrower,Inactive
RHP0148,MU,BR_7493c99a,Inactive,CB,ACCT_03a92596,Active,Bonds,Active,Borrower,Inactive
RHP0148,CH,BR_16800ae1,Inactive,CF,ACCT_edce41b2,Active,Bonds,Inactive,Borrower,Inactive
RHP0138,CH,BR_91afd1c8,Inactive,FIC,ACCT_aa66d78a,Active,Bonds,Inactive,Borrower,Active
RHP0138,DL,BR_91afd1c8,Inactive,FIC,ACCT_509acbcb,Active,Bonds,Inactive,Borrower,Inactive
RHP0147,PU,BR_6bff1d34,Active,CF,ACCT_192db600,Inactive,Derivatives,Active,Borrower,Active
RHP0147,DL,BR_c9096cfd,Active,CB,ACCT_2ce5f8ec,Active,Loans,Active,Borrower,Inactive
RHP0200,BL,BR_8aecc4ea,Active,FIC,ACCT_b63b5591,Active,Derivatives,Active,Borrower,Inactive
RHP0200,DL,BR_8aecc4ea,Active,FIC,ACCT_05680076,Inactive,Bonds,Inactive,Borrower,Inactive
RHP0196,CH,BR_faf9869d,Inactive,CB,ACCT_37e2aa66,Active,Loans,Inactive,Borrower,Inactive
RHP0196,MU,BR_6464515b,Active,CF,ACCT_10e88172,Inactive,Derivatives,Active,Borrower,Inactive
RHP0196,PU,BR_6464515b,Active,CF,ACCT_28f6bc57,Inactive,Bonds,Active,Borrower,Active
RHP0196,CH,BR_65b0df2e,Active,CB,ACCT_0c0a6fed,Inactive,Bonds,Inactive,Borrower,Active
RHP0068,DL,BR_7c0c91e4,Inactive,CB,ACCT_522cb670,Inactive,Loans,Inactive,Borrower,Inactive
RHP0068,HY,BR_7c0c91e4,Inactive,CB,ACCT_cf9930a3,Inactive,Derivatives,Inactive,Borrower,Inactive
RHP0072,CH,BR_a8216015,Active,CF,ACCT_42fc4348,Active,Loans,Inactive,Borrower,Active
RHP0072,MU,BR_6493df16,Inactive,CB,ACCT_0ea76326,Active,Derivatives,Active,Borrower,Inactive
RHP0046,HY,BR_d5610602,Inactive,FIC,ACCT_7c77cafd,Inactive,Bonds,Inactive,Borrower,Active
RHP0046,DL,BR_d5610602,Inactive,FIC,ACCT_335af697,Active,Derivatives,Active,Borrower,Inactive
RHP0046,BL,BR_af7f2a71,Inactive,CB,ACCT_04ccff26,Inactive,Derivatives,Inactive,Borrower,Inactive
RHP0093,CH,BR_a9515477,Inactive,CB,ACCT_1dd08ab5,Inactive,Loans,Inactive,Borrower,Active
RHP0093,MU,BR_2da10613,Active,CB,ACCT_19e6f7e1,Inactive,Derivatives,Inactive,Borrower,Inactive
RHP0093,PU,BR_2da10613,Active,CB,ACCT_268a95b7,Inactive,Derivatives,Inactive,Borrower,Inactive
RHP0093,MU,BR_d8342d28,Active,FIC,ACCT_a1ce4a35,Inactive,Derivatives,Inactive,Borrower,Active
RHP0093,BL,BR_d8342d28,Active,FIC,ACCT_08944044,Active,Bonds,Active,Borrower,Inactive
RHP0168,HY,BR_5e4dd56e,Inactive,CF,ACCT_010ec205,Inactive,Bonds,Inactive,Borrower,Inactive
RHP0168,PU,BR_5e4dd56e,Inactive,CF,ACCT_62ddb8d8,Active,Loans,Active,Borrower,Inactive
RHP0168,MU,BR_51f999d3,Active,CF,ACCT_527db2c0,Active,Loans,Active,Borrower,Inactive
RHP0168,MU,BR_51f999d3,Active,CF,ACCT_85e2c1c3,Active,Loans,Inactive,Borrower,Active
RHP0198,DL,BR_361b2ecf,Active,FIC,ACCT_e0f37fd4,Active,Loans,Inactive,Borrower,Inactive
RHP0198,PU,BR_361b2ecf,Active,FIC,ACCT_338a15a1,Active,Derivatives,Inactive,Borrower,Inactive
RHP0198,HY,BR_291e3632,Active,FIC,ACCT_e85efeb4,Active,Loans,Inactive,Borrower,Inactive
RHP0120,PU,BR_6a13a82a,Inactive,CF,ACCT_1c5604fe,Active,Derivatives,Active,Borrower,Inactive
RHP0120,HY,BR_6a13a82a,Inactive,CF,ACCT_7ef8d222,Inactive,Derivatives,Inactive,Borrower,Inactive
RHP0120,DL,BR_f5c10a29,Active,FIC,ACCT_c0982301,Inactive,Bonds,Inactive,Borrower,Inactive
RHP0120,BL,BR_f5c10a29,Active,FIC,ACCT_8a0d981b,Inactive,Loans,Active,Borrower,Active
RHP0120,HY,BR_1d3e1d6f,Inactive,CB,ACCT_c5b6f06b,Inactive,Bonds,Inactive,Borrower,Active
RHP0075,DL,BR_1f6570b1,Active,FIC,ACCT_f56f829d,Active,Bonds,Inactive,Borrower,Inactive
RHP0075,DL,BR_1f6570b1,Active,FIC,ACCT_3b6eaa07,Active,Derivatives,Inactive,Borrower,Inactive
RHP0075,PU,BR_476279ed,Inactive,FIC,ACCT_19383335,Active,Derivatives,Inactive,Borrower,Inactive
RHP0075,DL,BR_476279ed,Inactive,FIC,ACCT_24b12f0b,Inactive,Bonds,Active,Borrower,Active
RHP0075,PU,BR_79d199dc,Active,CB,ACCT_2923eb09,Inactive,Derivatives,Inactive,Borrower,Inactive
RHP0160,MU,BR_992641cf,Active,CB,ACCT_47f63677,Active,Loans,Active,Borrower,Active
RHP0160,MU,BR_b065d2ae,Inactive,CB,ACCT_d68daa2e,Inactive,Derivatives,Active,Borrower,Active
RHP0039,HY,BR_e02bb388,Inactive,FIC,ACCT_dcea6c53,Inactive,Bonds,Inactive,Borrower,Inactive
RHP0039,MU,BR_e02bb388,Inactive,FIC,ACCT_0e5072c8,Active,Bonds,Active,Borrower,Inactive
RHP0069,MU,BR_e9de24a3,Active,CF,ACCT_e9330804,Active,Loans,Inactive,Borrower,Inactive
RHP0069,HY,BR_e9de24a3,Active,CF,ACCT_bdf0ccc1,Active,Derivatives,Active,Borrower,Inactive
RHP0069,HY,BR_e544be90,Active,CF,ACCT_451e01b8,Active,Bonds,Active,Borrower,Active
RHP0100,HY,BR_0bce126b,Inactive,CB,ACCT_e617096f,Active,Derivatives,Active,Borrower,Inactive
RHP0100,DL,BR_f3b452b8,Inactive,FIC,ACCT_175854fd,Active,Derivatives,Active,Borrower,Inactive
RHP0100,BL,BR_f3b452b8,Inactive,FIC,ACCT_20538b03,Inactive,Bonds,Active,Borrower,Active
RHP0100,BL,BR_dd10f8b8,Active,CB,ACCT_6c5d658f,Active,Loans,Inactive,Borrower,Active
RHP0198,MU,BR_3793c918,Active,FIC,ACCT_750c2c43,Active,Derivatives,Inactive,Borrower,Active
RHP0198,DL,BR_3793c918,Active,FIC,ACCT_b2fed97d,Inactive,Derivatives,Active,Borrower,Active
RHP0125,PU,BR_14fd4b05,Inactive,CF,ACCT_47bb06e3,Inactive,Derivatives,Active,Borrower,Active
RHP0125,MU,BR_14fd4b05,Inactive,CF,ACCT_25a231a8,Inactive,Bonds,Active,Borrower,Inactive
RHP0125,BL,BR_66821d8a,Inactive,CF,ACCT_64414399,Inactive,Loans,Active,Borrower,Inactive
RHP0125,CH,BR_66821d8a,Inactive,CF,ACCT_5b283ed8,Inactive,Bonds,Active,Borrower,Active
RHP0125,MU,BR_3234480d,Active,CB,ACCT_7dbce4dc,Inactive,Derivatives,Inactive,Borrower,Inactive
RHP0125,CH,BR_3234480d,Active,CB,ACCT_87f421fc,Inactive,Derivatives,Active,Borrower,Active
RHP0125,DL,BR_24648235,Inactive,CF,ACCT_cdc29717,Inactive,Derivatives,Active,Borrower,Inactive
RHP0135,MU,BR_5adc6aaf,Inactive,CF,ACCT_24224d03,Inactive,Bonds,Inactive,Borrower,Inactive
RHP0135,DL,BR_7f9321e0,Active,CF,ACCT_a2812549,Active,Loans,Active,Borrower,Active
RHP0135,CH,BR_dfa424b3,Active,CB,ACCT_57679469,Active,Loans,Inactive,Borrower,Inactive
RHP0160,DL,BR_e988eb05,Inactive,FIC,ACCT_33c63204,Active,Derivatives,Active,Borrower,Inactive
RHP0160,BL,BR_e988eb05,Inactive,FIC,ACCT_6fe1ad30,Inactive,Loans,Inactive,Borrower,Active
RHP0160,BL,BR_0baa22cf,Inactive,CB,ACCT_03e2a9bf,Inactive,Derivatives,Active,Borrower,Active
RHP0160,DL,BR_297d7ed7,Active,FIC,ACCT_f5fbec48,Active,Derivatives,Active,Borrower,Inactive
RHP0050,PU,BR_25a5859a,Active,CF,ACCT_974f3f30,Inactive,Derivatives,Active,Borrower,Inactive
RHP0050,CH,BR_762f05a4,Inactive,CF,ACCT_17b9285c,Active,Loans,Active,Borrower,Inactive
RHP0050,BL,BR_762f05a4,Inactive,CF,ACCT_602ebf50,Inactive,Derivatives,Active,Borrower,Inactive
RHP0050,CH,BR_d6ec4104,Inactive,CF,ACCT_b43d5c69,Inactive,Bonds,Inactive,Borrower,Inactive
RHP0050,CH,BR_d6ec4104,Inactive,CF,ACCT_5fd8917f,Active,Derivatives,Active,Borrower,Inactive
RHP0191,CH,BR_e579b862,Inactive,CB,ACCT_177e3a47,Inactive,Loans,Active,Borrower,Inactive
RHP0191,MU,BR_e579b862,Inactive,CB,ACCT_d8c5c7c5,Active,Derivatives,Active,Borrower,Inactive
RHP0191,MU,BR_c9450f70,Inactive,FIC,ACCT_bd094fea,Inactive,Loans,Inactive,Borrower,Active
RHP0010,BL,BR_57d6251d,Inactive,FIC,ACCT_6dddff22,Inactive,Bonds,Active,Borrower,Active
RHP0010,HY,BR_50458ba3,Inactive,FIC,ACCT_f5f313f4,Active,Derivatives,Active,Borrower,Inactive
RHP0010,MU,BR_50458ba3,Inactive,FIC,ACCT_b81874b3,Active,Bonds,Active,Borrower,Inactive
RHP0188,MU,BR_4e12b364,Inactive,FIC,ACCT_7d41ca0a,Inactive,Bonds,Inactive,Borrower,Inactive
RHP0188,BL,BR_c3cb9f6a,Active,CF,ACCT_6a84d26a,Inactive,Loans,Inactive,Borrower,Active
RHP0188,CH,BR_0bbf5ba9,Active,CB,ACCT_3af0015b,Active,Loans,Inactive,Borrower,Inactive
RHP0148,BL,BR_8b7dcd6d,Active,FIC,ACCT_fc2ca120,Inactive,Bonds,Active,Borrower,Active
RHP0148,BL,BR_8b7dcd6d,Active,FIC,ACCT_d7becb28,Active,Bonds,Active,Borrower,Inactive
RHP0148,HY,BR_b7ecbbe7,Active,CB,ACCT_478760e3,Active,Loans,Inactive,Borrower,Active
RHP0148,DL,BR_b7ecbbe7,Active,CB,ACCT_d4ffe111,Inactive,Derivatives,Active,Borrower,Active
RHP0148,PU,BR_cca2e8a0,Active,CB,ACCT_36290627,Inactive,Derivatives,Active,Borrower,Active
RHP0148,DL,BR_cca2e8a0,Active,CB,ACCT_8c7745ed,Inactive,Bonds,Inactive,Borrower,Inactive
RHP0083,HY,BR_3e5875e3,Active,CB,ACCT_7c668dac,Inactive,Derivatives,Inactive,Borrower,Active
RHP0083,PU,BR_0d530f9d,Active,FIC,ACCT_80f2ed7e,Inactive,Loans,Active,Borrower,Active
RHP0014,HY,BR_6a15182a,Active,CB,ACCT_392f2ace,Inactive,Derivatives,Active,Borrower,Inactive
RHP0121,CH,BR_59516bb0,Inactive,FIC,ACCT_9b1854ea,Active,Derivatives,Inactive,Borrower,Inactive
RHP0187,DL,BR_5459232a,Active,CB,ACCT_28058830,Inactive,Loans,Active,Borrower,Inactive
RHP0179,PU,BR_60b952a8,Inactive,FIC,ACCT_f38fdb40,Active,Loans,Inactive,Borrower,Inactive
RHP0179,PU,BR_60b952a8,Inactive,FIC,ACCT_3fe12b57,Inactive,Loans,Active,Borrower,Inactive
RHP0179,DL,BR_a21f3cfa,Inactive,FIC,ACCT_96a9fe91,Active,Bonds,Inactive,Borrower,Active
RHP0179,MU,BR_a21f3cfa,Inactive,FIC,ACCT_855c5a30,Active,Derivatives,Inactive,Borrower,Active
RHP0179,MU,BR_010b015e,Active,CF,ACCT_08576fad,Inactive,Bonds,Inactive,Borrower,Active
RHP0179,PU,BR_010b015e,Active,CF,ACCT_a2fe3ab1,Inactive,Derivatives,Inactive,Borrower,Inactive
RHP0078,DL,BR_e3a1a923,Inactive,FIC,ACCT_1421c893,Inactive,Loans,Inactive,Borrower,Active
RHP0078,PU,BR_e3a1a923,Inactive,FIC,ACCT_25495334,Inactive,Bonds,Active,Borrower,Active
RHP0098,HY,BR_497567f4,Active,CB,ACCT_91d6c30e,Active,Bonds,Inactive,Borrower,Inactive
RHP0098,HY,BR_0a044969,Active,FIC,ACCT_c60e2704,Active,Loans,Inactive,Borrower,Active
RHP0098,BL,BR_e8443447,Active,CF,ACCT_901e70ca,Inactive,Loans,Active,Borrower,Active
RHP0038,DL,BR_3b961e1b,Active,CB,ACCT_0083ddec,Inactive,Bonds,Inactive,Borrower,Inactive
RHP0038,MU,BR_3b961e1b,Active,CB,ACCT_73313216,Active,Loans,Active,Borrower,Active
RHP0038,MU,BR_23d401e3,Inactive,CF,ACCT_a346cd1e,Active,Loans,Active,Borrower,Inactive
RHP0038,HY,BR_64c8445b,Inactive,FIC,ACCT_c9e933e5,Inactive,Loans,Inactive,Borrower,Inactive
RHP0038,MU,BR_64c8445b,Inactive,FIC,ACCT_72a90452,Active,Loans,Active,Borrower,Inactive
RHP0105,HY,BR_0ff3db0e,Inactive,CB,ACCT_d27fcca2,Active,Loans,Active,Borrower,Inactive
RHP0158,PU,BR_edae8eb5,Inactive,CB,ACCT_20c21a45,Inactive,Bonds,Active,Borrower,Inactive
RHP0158,DL,BR_6f650522,Inactive,CB,ACCT_82de917d,Active,Bonds,Inactive,Borrower,Active
RHP0133,BL,BR_1ea3e1e2,Inactive,CF,ACCT_1256f3d5,Inactive,Derivatives,Active,Borrower,Active
RHP0133,BL,BR_d61633ab,Inactive,CB,ACCT_ea3f4540,Inactive,Bonds,Active,Borrower,Inactive
RHP0133,PU,BR_d61633ab,Inactive,CB,ACCT_b0a56967,Active,Derivatives,Active,Borrower,Inactive
RHP0133,HY,BR_e31fe2db,Inactive,FIC,ACCT_6f3b47c3,Active,Derivatives,Active,Borrower,Inactive
RHP0083,BL,BR_ff1e1e1a,Active,FIC,ACCT_c239ef3e,Active,Bonds,Active,Borrower,Inactive
RHP0083,MU,BR_ff1e1e1a,Active,FIC,ACCT_6c398a27,Active,Derivatives,Active,Borrower,Active
RHP0083,HY,BR_c030407e,Inactive,CF,ACCT_323e8824,Active,Derivatives,Inactive,Borrower,Active
RHP0083,CH,BR_c030407e,Inactive,CF,ACCT_2f14cc43,Inactive,Loans,Active,Borrower,Inactive
RHP0169,PU,BR_d9d62cca,Active,FIC,ACCT_a50cc1ad,Active,Bonds,Inactive,Borrower,Inactive
RHP0197,CH,BR_f4f26d87,Inactive,CF,ACCT_bab7ee71,Active,Loans,Active,Borrower,Inactive
RHP0197,DL,BR_29048a28,Inactive,FIC,ACCT_b7b8257c,Inactive,Bonds,Active,Borrower,Inactive
RHP0197,HY,BR_29048a28,Inactive,FIC,ACCT_e9fa6c1a,Active,Derivatives,Inactive,Borrower,Inactive
RHP0114,MU,BR_797c67d0,Active,FIC,ACCT_00c60c6b,Active,Loans,Active,Borrower,Active
RHP0114,PU,BR_797c67d0,Active,FIC,ACCT_f2000dad,Inactive,Loans,Active,Borrower,Active
RHP0148,DL,BR_ddebe4aa,Inactive,CB,ACCT_e2d09f64,Active,Loans,Inactive,Borrower,Active
RHP0148,MU,BR_0edf947a,Inactive,CF,ACCT_3b154db6,Inactive,Derivatives,Inactive,Borrower,Active
RHP0148,BL,BR_41197669,Inactive,CB,ACCT_42dfabae,Inactive,Loans,Inactive,Borrower,Active
RHP0148,BL,BR_41197669,Inactive,CB,ACCT_2fcca5b2,Inactive,Loans,Active,Borrower,Inactive
RHP0135,PU,BR_a0d46609,Active,CF,ACCT_863af392,Active,Loans,Active,Borrower,Inactive
RHP0135,CH,BR_b0e2305d,Inactive,CB,ACCT_0235e9e9,Inactive,Derivatives,Inactive,Borrower,Active
RHP0135,DL,BR_b0e2305d,Inactive,CB,ACCT_7b5bfaf6,Inactive,Derivatives,Inactive,Borrower,Inactive
RHP0157,PU,BR_c09a3a37,Inactive,FIC,ACCT_cb9bc9c3,Active,Loans,Inactive,Borrower,Active
RHP0054,PU,BR_289fbd5d,Inactive,CB,ACCT_a6c644c7,Inactive,Bonds,Active,Borrower,Active
RHP0054,CH,BR_846d8640,Active,CF,ACCT_b9ffb100,Inactive,Loans,Inactive,Borrower,Inactive
RHP0054,BL,BR_846d8640,Active,CF,ACCT_f7181616,Inactive,Loans,Active,Borrower,Inactive
RHP0054,PU,BR_4ad25892,Inactive,CF,ACCT_b98e560a,Active,Loans,Inactive,Borrower,Inactive
RHP0123,HY,BR_a0e70781,Active,CF,ACCT_32f41a65,Inactive,Loans,Inactive,Borrower,Inactive
RHP0123,DL,BR_3b9b4232,Inactive,CF,ACCT_25ce7c4b,Inactive,Derivatives,Inactive,Borrower,Active
RHP0148,HY,BR_1a2ebdd8,Inactive,CB,ACCT_b6bd6fc5,Active,Bonds,Active,Borrower,Inactive
RHP0148,PU,BR_dc25394e,Active,CF,ACCT_364e76a6,Active,Derivatives,Active,Borrower,Inactive
RHP0148,HY,BR_dc25394e,Active,CF,ACCT_7e79a2c9,Inactive,Derivatives,Active,Borrower,Inactive
RHP0148,CH,BR_d5abf04b,Active,CB,ACCT_846fbfa0,Inactive,Bonds,Inactive,Borrower,Active
RHP0078,HY,BR_6e72b8be,Active,CB,ACCT_07f53084,Active,Loans,Inactive,Borrower,Active
RHP0129,CH,BR_f75f87ba,Active,CB,ACCT_232a2ce2,Inactive,Bonds,Active,Borrower,Active
RHP0129,HY,BR_f75f87ba,Active,CB,ACCT_da2a024c,Active,Loans,Active,Borrower,Inactive
RHP0183,HY,BR_d24b0461,Active,FIC,ACCT_e06e423e,Active,Derivatives,Active,Borrower,Inactive
RHP0183,CH,BR_d24b0461,Active,FIC,ACCT_9633b757,Active,Loans,Inactive,Borrower,Active
RHP0183,BL,BR_6234a67b,Inactive,CF,ACCT_f02ecdaf,Inactive,Loans,Active,Borrower,Inactive
RHP0183,MU,BR_68b2deb4,Inactive,CB,ACCT_144948db,Inactive,Loans,Active,Borrower,Inactive
RHP0004,CH,BR_94ce25bc,Active,FIC,ACCT_afe3f51d,Inactive,Bonds,Active,Borrower,Inactive
RHP0004,CH,BR_94ce25bc,Active,FIC,ACCT_92d31124,Active,Loans,Active,Borrower,Inactive
RHP0004,PU,BR_e88d0a9a,Inactive,CF,ACCT_23ee005e,Active,Loans,Active,Borrower,Inactive
RHP0004,MU,BR_e88d0a9a,Inactive,CF,ACCT_4839282e,Active,Loans,Inactive,Borrower,Active
RHP0004,BL,BR_437926dd,Inactive,CB,ACCT_8278f628,Inactive,Derivatives,Inactive,Borrower,Inactive
RHP0051,HY,BR_665fce51,Active,CB,ACCT_7ee04327,Active,Derivatives,Inactive,Borrower,Active
RHP0051,CH,BR_c4bdbf6c,Inactive,CF,ACCT_c4e938ac,Inactive,Loans,Active,Borrower,Active
RHP0051,PU,BR_c4bdbf6c,Inactive,CF,ACCT_666f45f1,Inactive,Bonds,Inactive,Borrower,Active
RHP0051,MU,BR_10fc0477,Inactive,CB,ACCT_e196c45b,Inactive,Loans,Active,Borrower,Inactive
RHP0051,BL,BR_10fc0477,Inactive,CB,ACCT_505e0ed3,Inactive,Bonds,Inactive,Borrower,Active
RHP0197,CH,BR_7438adc0,Active,CF,ACCT_67b1b917,Inactive,Derivatives,Active,Borrower,Inactive
RHP0197,CH,BR_b367eb4d,Active,CB,ACCT_8200464a,Inactive,Derivatives,Inactive,Borrower,Active
RHP0197,HY,BR_b367eb4d,Active,CB,ACCT_33317702,Active,Derivatives,Active,Borrower,Inactive
RHP0017,DL,BR_491813b4,Active,CF,ACCT_578b51ed,Inactive,Derivatives,Inactive,Borrower,Active
RHP0017,CH,BR_491813b4,Active,CF,ACCT_f4180f2e,Active,Derivatives,Inactive,Borrower,Active
RHP0017,MU,BR_689ec515,Inactive,CB,ACCT_ec121466,Inactive,Loans,Inactive,Borrower,Inactive
RHP0154,CH,BR_d1a62a27,Inactive,CB,ACCT_78e4f346,Active,Loans,Active,Borrower,Inactive
RHP0154,CH,BR_d1a62a27,Inactive,CB,ACCT_0388868a,Active,Loans,Active,Borrower,Inactive
RHP0075,PU,BR_bc6cd0f3,Inactive,FIC,ACCT_29c7d824,Inactive,Bonds,Inactive,Borrower,Inactive
RHP0075,BL,BR_b805cf13,Inactive,FIC,ACCT_1a858342,Inactive,Loans,Inactive,Borrower,Active
RHP0141,HY,BR_e44dc808,Active,CF,ACCT_1f96d384,Active,Bonds,Active,Borrower,Active
RHP0141,HY,BR_e44dc808,Active,CF,ACCT_f3424d7e,Inactive,Derivatives,Inactive,Borrower,Inactive
RHP0098,BL,BR_5500cb56,Active,CF,ACCT_35b42aed,Inactive,Loans,Active,Borrower,Inactive
RHP0098,PU,BR_bfe8f164,Inactive,FIC,ACCT_b726bf7d,Active,Loans,Active,Borrower,Inactive
RHP0098,DL,BR_bfe8f164,Inactive,FIC,ACCT_aa3d80ec,Active,Loans,Inactive,Borrower,Inactive
RHP0022,HY,BR_9bfef951,Inactive,CB,ACCT_df3f34a0,Active,Bonds,Inactive,Borrower,Inactive
RHP0022,CH,BR_9bfef951,Inactive,CB,ACCT_f052d11d,Inactive,Loans,Active,Borrower,Inactive
RHP0002,MU,BR_2b0e4c9f,Inactive,CF,ACCT_b42db8e9,Inactive,Bonds,Inactive,Borrower,Active
RHP0002,DL,BR_9f808ce2,Inactive,CF,ACCT_748445b0,Active,Derivatives,Inactive,Borrower,Active
RHP0002,DL,BR_9f808ce2,Inactive,CF,ACCT_e8290d34,Inactive,Bonds,Active,Borrower,Active
RHP0002,CH,BR_c005d360,Inactive,CF,ACCT_d1a04c21,Inactive,Derivatives,Active,Borrower,Inactive
RHP0200,BL,BR_df7f64fc,Inactive,CB,ACCT_6b7202d6,Inactive,Bonds,Inactive,Borrower,Inactive
RHP0200,MU,BR_df7f64fc,Inactive,CB,ACCT_acbb9008,Active,Loans,Inactive,Borrower,Inactive
RHP0162,HY,BR_5580f5a9,Active,CF,ACCT_c81db9b2,Inactive,Derivatives,Active,Borrower,Inactive
RHP0162,BL,BR_f8c09472,Active,FIC,ACCT_83e0440a,Inactive,Bonds,Active,Borrower,Inactive
RHP0066,DL,BR_46934b7f,Active,CF,ACCT_765c6958,Active,Derivatives,Inactive,Borrower,Inactive
RHP0067,CH,BR_96231f00,Active,CB,ACCT_e10c3d28,Active,Bonds,Active,Borrower,Active
RHP0067,DL,BR_703462c5,Active,CB,ACCT_9ad0c185,Inactive,Loans,Inactive,Borrower,Active
RHP0067,MU,BR_703462c5,Active,CB,ACCT_a7257ea8,Inactive,Loans,Inactive,Borrower,Active
RHP0067,HY,BR_d05c042c,Active,CB,ACCT_fcaee166,Inactive,Bonds,Inactive,Borrower,Active
RHP0067,CH,BR_d05c042c,Active,CB,ACCT_9ec3cb63,Inactive,Bonds,Inactive,Borrower,Active
RHP0112,CH,BR_306936ed,Inactive,CB,ACCT_db0f41e9,Inactive,Derivatives,Active,Borrower,Active
RHP0112,BL,BR_306936ed,Inactive,CB,ACCT_2e09a6ed,Inactive,Bonds,Inactive,Borrower,Inactive
RHP0069,CH,BR_ec66247a,Inactive,CF,ACCT_f1a5ca86,Inactive,Derivatives,Active,Borrower,Active
RHP0069,CH,BR_ec66247a,Inactive,CF,ACCT_f4ed47e0,Inactive,Derivatives,Active,Borrower,Inactive
RHP0003,BL,BR_2f1e06bd,Active,FIC,ACCT_eff75081,Inactive,Loans,Active,Borrower,Inactive
RHP0003,CH,BR_c8b39b4d,Active,CF,ACCT_118f0cda,Inactive,Loans,Active,Borrower,Active
RHP0003,PU,BR_c8b39b4d,Active,CF,ACCT_1b31f67b,Active,Loans,Active,Borrower,Active
RHP0003,PU,BR_ae53c1e6,Active,FIC,ACCT_fdb0809a,Inactive,Derivatives,Active,Borrower,Active
RHP0048,BL,BR_9f69af23,Inactive,CB,ACCT_e9248ba9,Inactive,Bonds,Inactive,Borrower,Inactive
RHP0048,MU,BR_e267ccaa,Active,FIC,ACCT_c56d805a,Active,Bonds,Inactive,Borrower,Inactive
RHP0048,MU,BR_e267ccaa,Active,FIC,ACCT_b461bf73,Inactive,Bonds,Active,Borrower,Inactive
RHP0126,CH,BR_524ed157,Inactive,FIC,ACCT_ddd10040,Active,Loans,Inactive,Borrower,Active
RHP0126,MU,BR_524ed157,Inactive,FIC,ACCT_bd5b3e3b,Active,Bonds,Inactive,Borrower,Active
RHP0019,PU,BR_afe94fa4,Inactive,CB,ACCT_121a6ba8,Inactive,Loans,Active,Borrower,Active
RHP0100,HY,BR_4d9635ce,Active,CF,ACCT_bdd47350,Inactive,Derivatives,Active,Borrower,Inactive
RHP0100,MU,BR_4d9635ce,Active,CF,ACCT_86878c2f,Inactive,Bonds,Active,Borrower,Active
RHP0100,PU,BR_cd6d7557,Inactive,CF,ACCT_4691b5df,Active,Derivatives,Inactive,Borrower,Inactive
RHP0100,BL,BR_cd6d7557,Inactive,CF,ACCT_4f6a535e,Inactive,Bonds,Active,Borrower,Active
RHP0137,PU,BR_b1f20c76,Active,CB,ACCT_d10d4bd8,Active,Loans,Active,Borrower,Inactive
RHP0137,PU,BR_b1f20c76,Active,CB,ACCT_b19db416,Active,Bonds,Inactive,Borrower,Active
RHP0137,MU,BR_813302de,Inactive,CB,ACCT_c6684b8f,Inactive,Derivatives,Active,Borrower,Active
RHP0050,CH,BR_a6ca038d,Active,CB,ACCT_e4c28de0,Active,Derivatives,Inactive,Borrower,Inactive
RHP0050,MU,BR_a6ca038d,Active,CB,ACCT_b0bf3696,Inactive,Loans,Active,Borrower,Inactive
RHP0087,PU,BR_a1b47754,Active,CB,ACCT_a5ffe86f,Active,Derivatives,Inactive,Borrower,Active
RHP0087,CH,BR_2de68edb,Active,FIC,ACCT_fabd9ff4,Active,Bonds,Active,Borrower,Inactive
RHP0087,MU,BR_926f11a5,Active,FIC,ACCT_1e4d8f7d,Active,Loans,Active,Borrower,Inactive
RHP0117,MU,BR_d82719fd,Active,CF,ACCT_b4921a6a,Active,Loans,Inactive,Borrower,Active
RHP0117,BL,BR_12eb5998,Active,CB,ACCT_98a861bc,Inactive,Bonds,Active,Borrower,Active
RHP0117,MU,BR_12eb5998,Active,CB,ACCT_689e7b56,Active,Loans,Active,Borrower,Inactive
RHP0117,HY,BR_90a3916b,Active,CB,ACCT_68da4cd3,Inactive,Loans,Inactive,Borrower,Active
RHP0063,MU,BR_c5ca740f,Active,FIC,ACCT_2ea866b5,Inactive,Loans,Active,Borrower,Inactive
RHP0063,PU,BR_746b5e6e,Active,FIC,ACCT_85eda0cc,Active,Derivatives,Inactive,Borrower,Inactive
RHP0063,HY,BR_6ed484ea,Inactive,CF,ACCT_0ce4c5ac,Active,Loans,Inactive,Borrower,Inactive
RHP0062,BL,BR_448b82e5,Active,CF,ACCT_07681567,Inactive,Derivatives,Active,Borrower,Inactive
RHP0108,HY,BR_c6d63ff8,Active,FIC,ACCT_7a52cf67,Active,Derivatives,Inactive,Borrower,Active
RHP0198,HY,BR_34ae624d,Active,CB,ACCT_d866f571,Active,Loans,Active,Borrower,Inactive
RHP0198,DL,BR_4e6ea5be,Active,FIC,ACCT_25d3e0af,Active,Derivatives,Inactive,Borrower,Inactive
RHP0198,CH,BR_1d562fb4,Inactive,CB,ACCT_3cbe81a6,Inactive,Loans,Active,Borrower,Active
RHP0198,CH,BR_1d562fb4,Inactive,CB,ACCT_9d548404,Active,Loans,Active,Borrower,Inactive
RHP0030,DL,BR_be3f2e7d,Active,CF,ACCT_f36f8a0f,Inactive,Bonds,Active,Borrower,Inactive
RHP0030,DL,BR_be3f2e7d,Active,CF,ACCT_fa74f34b,Active,Bonds,Active,Borrower,Active
RHP0189,HY,BR_552c0547,Active,CB,ACCT_3e0fe52d,Active,Bonds,Inactive,Borrower,Active
RHP0189,HY,BR_5c0ce594,Active,FIC,ACCT_4d3fa48a,Active,Bonds,Inactive,Borrower,Active
RHP0189,DL,BR_5c0ce594,Active,FIC,ACCT_eb7e1aad,Active,Derivatives,Inactive,Borrower,Inactive
RHP0086,HY,BR_28850660,Active,CF,ACCT_54e94f38,Inactive,Loans,Active,Borrower,Inactive
RHP0108,MU,BR_0a8a1a50,Inactive,FIC,ACCT_0639c08b,Active,Derivatives,Active,Borrower,Inactive
RHP0108,CH,BR_0a8a1a50,Inactive,FIC,ACCT_358a3971,Inactive,Derivatives,Inactive,Borrower,Active
RHP0122,CH,BR_ec3439b4,Inactive,FIC,ACCT_4dd185b7,Active,Loans,Inactive,Borrower,Inactive
RHP0122,HY,BR_ec3439b4,Inactive,FIC,ACCT_a2986c1b,Active,Derivatives,Active,Borrower,Inactive
RHP0122,PU,BR_ac2323b9,Active,FIC,ACCT_b89fc2fd,Active,Bonds,Inactive,Borrower,Inactive
RHP0122,MU,BR_ac2323b9,Active,FIC,ACCT_9a605496,Active,Bonds,Inactive,Borrower,Active
RHP0143,MU,BR_51b48cb2,Inactive,FIC,ACCT_e9068d6e,Inactive,Bonds,Active,Borrower,Active
RHP0123,PU,BR_53417bea,Inactive,FIC,ACCT_da87c76f,Active,Bonds,Inactive,Borrower,Active
RHP0123,PU,BR_53417bea,Inactive,FIC,ACCT_ed82e4d0,Inactive,Loans,Inactive,Borrower,Inactive
RHP0123,BL,BR_04dce5e9,Active,CF,ACCT_cbf830cf,Inactive,Derivatives,Inactive,Borrower,Active
RHP0123,CH,BR_7231d555,Inactive,CB,ACCT_09967b14,Active,Derivatives,Inactive,Borrower,Active
RHP0173,BL,BR_e036d7d6,Active,FIC,ACCT_db49c508,Inactive,Bonds,Active,Borrower,Inactive
RHP0173,DL,BR_e036d7d6,Active,FIC,ACCT_24bd7618,Active,Derivatives,Active,Borrower,Active
RHP0173,BL,BR_117e53d9,Inactive,FIC,ACCT_0281426b,Inactive,Derivatives,Active,Borrower,Active
RHP0091,HY,BR_9b9a754e,Inactive,CB,ACCT_bbd8d60a,Active,Bonds,Inactive,Borrower,Inactive
RHP0091,DL,BR_25982f4b,Active,CB,ACCT_9775f66f,Inactive,Derivatives,Inactive,Borrower,Active
RHP0091,DL,BR_25982f4b,Active,CB,ACCT_9b0d42ff,Inactive,Loans,Active,Borrower,Inactive
RHP0074,DL,BR_104d5a39,Active,FIC,ACCT_eb329730,Active,Derivatives,Active,Borrower,Inactive
RHP0074,HY,BR_104d5a39,Active,FIC,ACCT_830256ce,Active,Derivatives,Active,Borrower,Inactive
RHP0175,DL,BR_2529631e,Active,CB,ACCT_ff08db48,Inactive,Bonds,Active,Borrower,Inactive
RHP0175,HY,BR_2529631e,Active,CB,ACCT_b1099115,Active,Loans,Active,Borrower,Inactive
RHP0175,BL,BR_1f0b0407,Inactive,CF,ACCT_b9e61644,Inactive,Derivatives,Inactive,Borrower,Inactive
RHP0175,DL,BR_1f0b0407,Inactive,CF,ACCT_af5a8008,Active,Bonds,Active,Borrower,Inactive
RHP0175,HY,BR_056fa160,Inactive,CB,ACCT_42650837,Active,Loans,Inactive,Borrower,Inactive
RHP0175,DL,BR_056fa160,Inactive,CB,ACCT_da134196,Active,Derivatives,Active,Borrower,Inactive
RHP0045,HY,BR_431c90b0,Active,FIC,ACCT_188c1765,Active,Loans,Inactive,Borrower,Active
RHP0045,BL,BR_acfbb04b,Inactive,CB,ACCT_20c2c227,Active,Derivatives,Active,Borrower,Inactive
RHP0045,MU,BR_204ef110,Active,CB,ACCT_cabf54f4,Active,Derivatives,Inactive,Borrower,Active
RHP0045,BL,BR_204ef110,Active,CB,ACCT_db6c1739,Inactive,Bonds,Active,Borrower,Inactive
RHP0040,BL,BR_95f44c93,Inactive,CF,ACCT_2a0f4eff,Inactive,Bonds,Active,Borrower,Inactive
RHP0040,DL,BR_95f44c93,Inactive,CF,ACCT_cbd895e6,Active,Derivatives,Inactive,Borrower,Active
RHP0174,BL,BR_75545414,Active,CB,ACCT_35eca64c,Inactive,Derivatives,Active,Borrower,Inactive
RHP0174,DL,BR_d198c659,Active,CB,ACCT_2b7d3cdb,Active,Derivatives,Active,Borrower,Inactive
RHP0174,HY,BR_3ec7552a,Active,FIC,ACCT_f3b00d41,Active,Derivatives,Inactive,Borrower,Active
RHP0174,HY,BR_3ec7552a,Active,FIC,ACCT_5856dfb6,Inactive,Derivatives,Active,Borrower,Inactive
RHP0038,BL,BR_31229748,Inactive,CB,ACCT_eae94484,Inactive,Loans,Inactive,Borrower,Inactive
RHP0038,PU,BR_31229748,Inactive,CB,ACCT_1873cd99,Inactive,Bonds,Active,Borrower,Active
RHP0038,PU,BR_7e135aa9,Inactive,CF,ACCT_b73bca26,Inactive,Bonds,Active,Borrower,Inactive
RHP0038,DL,BR_7e135aa9,Inactive,CF,ACCT_7d267a98,Inactive,Loans,Active,Borrower,Active
RHP0038,MU,BR_6b43c436,Inactive,CB,ACCT_9674d00f,Active,Derivatives,Inactive,Borrower,Active
RHP0038,DL,BR_6b43c436,Inactive,CB,ACCT_96cf0506,Inactive,Derivatives,Inactive,Borrower,Inactive
RHP0143,BL,BR_c9a8eb22,Active,FIC,ACCT_0763e703,Inactive,Bonds,Inactive,Borrower,Active
RHP0143,BL,BR_40115eb1,Inactive,CB,ACCT_4a1ff2fa,Active,Loans,Active,Borrower,Inactive
RHP0143,PU,BR_40115eb1,Inactive,CB,ACCT_32b85dd1,Inactive,Derivatives,Inactive,Borrower,Active
RHP0171,HY,BR_b35f2812,Inactive,FIC,ACCT_8a7b99e0,Active,Loans,Active,Borrower,Inactive
RHP0171,CH,BR_b35f2812,Inactive,FIC,ACCT_35380841,Active,Derivatives,Inactive,Borrower,Inactive
RHP0171,DL,BR_1efd1b08,Inactive,CB,ACCT_68056b44,Active,Bonds,Active,Borrower,Inactive
RHP0171,PU,BR_1efd1b08,Inactive,CB,ACCT_b9fff04a,Active,Loans,Inactive,Borrower,Inactive
RHP0035,BL,BR_232173a4,Active,FIC,ACCT_3e49da28,Inactive,Bonds,Inactive,Borrower,Active
RHP0035,PU,BR_232173a4,Active,FIC,ACCT_481290fd,Inactive,Derivatives,Active,Borrower,Active
RHP0035,PU,BR_5b982e76,Active,FIC,ACCT_4fa6eeac,Inactive,Bonds,Inactive,Borrower,Inactive
RHP0179,BL,BR_15d4514b,Inactive,FIC,ACCT_c788c0b3,Active,Loans,Active,Borrower,Inactive
RHP0179,MU,BR_15d4514b,Inactive,FIC,ACCT_dad97c3b,Inactive,Bonds,Inactive,Borrower,Active
RHP0179,HY,BR_ced42857,Active,FIC,ACCT_4c5f7dda,Active,Derivatives,Active,Borrower,Inactive
RHP0179,PU,BR_265cdff5,Active,FIC,ACCT_9b05fb75,Active,Bonds,Inactive,Borrower,Inactive
RHP0093,PU,BR_69cc4d77,Inactive,CF,ACCT_c3ee3913,Active,Derivatives,Inactive,Borrower,Active
RHP0093,PU,BR_69cc4d77,Inactive,CF,ACCT_b98293cd,Active,Loans,Active,Borrower,Inactive
RHP0059,MU,BR_2df236a2,Active,FIC,ACCT_55c5875c,Active,Bonds,Active,Borrower,Active
RHP0059,HY,BR_fb8dd001,Inactive,CB,ACCT_d3767b7b,Active,Loans,Active,Borrower,Inactive
RHP0031,CH,BR_929be969,Active,FIC,ACCT_31080123,Active,Loans,Active,Borrower,Active
RHP0031,MU,BR_929be969,Active,FIC,ACCT_4f66db6b,Active,Loans,Inactive,Borrower,Active
RHP0031,CH,BR_f8e51b01,Active,CF,ACCT_397856ed,Inactive,Bonds,Active,Borrower,Active
RHP0031,PU,BR_f8e51b01,Active,CF,ACCT_28a64661,Active,Loans,Active,Borrower,Active
RHP0050,PU,BR_e1dc9ce2,Active,CF,ACCT_593316c2,Active,Loans,Inactive,Borrower,Inactive
RHP0050,DL,BR_6420bd63,Active,CB,ACCT_80b6a883,Active,Bonds,Inactive,Borrower,Inactive
RHP0132,HY,BR_519ae40f,Inactive,FIC,ACCT_d6137f3c,Active,Bonds,Active,Borrower,Inactive
RHP0132,MU,BR_519ae40f,Inactive,FIC,ACCT_d8aeb7b4,Inactive,Derivatives,Inactive,Borrower,Active
RHP0084,DL,BR_ab60ec1a,Active,CB,ACCT_49be8098,Inactive,Derivatives,Inactive,Borrower,Inactive
RHP0084,MU,BR_ab60ec1a,Active,CB,ACCT_6e996681,Inactive,Bonds,Inactive,Borrower,Active
RHP0084,HY,BR_c3ec3907,Inactive,CF,ACCT_51d619e6,Active,Loans,Inactive,Borrower,Active
RHP0084,DL,BR_c3ec3907,Inactive,CF,ACCT_7f699ded,Inactive,Derivatives,Active,Borrower,Active
RHP0102,DL,BR_ca2ab31c,Active,CF,ACCT_95b911c5,Active,Bonds,Active,Borrower,Inactive
RHP0102,PU,BR_a4eb1793,Inactive,FIC,ACCT_bae97fd2,Inactive,Derivatives,Inactive,Borrower,Inactive
RHP0197,CH,BR_b2c48858,Inactive,CF,ACCT_4a03af2b,Inactive,Bonds,Inactive,Borrower,Inactive
RHP0197,MU,BR_b2c48858,Inactive,CF,ACCT_77a29910,Inactive,Loans,Inactive,Borrower,Active
RHP0197,MU,BR_94a8a7c9,Inactive,CB,ACCT_4f4f118b,Active,Derivatives,Active,Borrower,Inactive
RHP0197,DL,BR_94a8a7c9,Inactive,CB,ACCT_9b3e71aa,Active,Loans,Inactive,Borrower,Active
RHP0197,PU,BR_c3945a9f,Inactive,CF,ACCT_e30d6f9f,Active,Bonds,Active,Borrower,Inactive
RHP0197,PU,BR_c3945a9f,Inactive,CF,ACCT_4f3024a3,Inactive,Bonds,Active,Borrower,Inactive
RHP0128,HY,BR_e4cb4487,Inactive,CF,ACCT_dbcccca0,Active,Loans,Inactive,Borrower,Active
RHP0128,HY,BR_e4cb4487,Inactive,CF,ACCT_7a4e7709,Inactive,Bonds,Inactive,Borrower,Inactive
RHP0128,HY,BR_d9d8b93d,Active,FIC,ACCT_42ca2213,Inactive,Derivatives,Active,Borrower,Inactive
RHP0035,CH,BR_45b57b6a,Inactive,CB,ACCT_d690adbc,Inactive,Derivatives,Inactive,Borrower,Inactive
RHP0035,CH,BR_1cfe2a1a,Active,CF,ACCT_394e2bd6,Inactive,Bonds,Inactive,Borrower,Inactive
RHP0174,BL,BR_3b90bc71,Inactive,CB,ACCT_a89ed31a,Active,Derivatives,Active,Borrower,Inactive
RHP0174,BL,BR_9b9d1f05,Inactive,CF,ACCT_a366baa5,Inactive,Bonds,Active,Borrower,Inactive
RHP0092,PU,BR_71e039ac,Inactive,FIC,ACCT_2a71acce,Active,Loans,Inactive,Borrower,Active
RHP0092,MU,BR_5d7e4dda,Active,CB,ACCT_b3eb6618,Inactive,Loans,Active,Borrower,Inactive
RHP0118,BL,BR_07d63e98,Inactive,CF,ACCT_7bf2b033,Inactive,Loans,Inactive,Borrower,Active
RHP0118,CH,BR_07d63e98,Inactive,CF,ACCT_9b7ce907,Inactive,Derivatives,Inactive,Borrower,Inactive
RHP0118,DL,BR_297da590,Active,CB,ACCT_77dc2608,Active,Bonds,Inactive,Borrower,Inactive
RHP0118,BL,BR_4664e6b5,Inactive,CB,ACCT_62bc469e,Active,Bonds,Active,Borrower,Inactive
RHP0118,DL,BR_4664e6b5,Inactive,CB,ACCT_353be8e3,Inactive,Loans,Inactive,Borrower,Inactive
RHP0160,HY,BR_756eec58,Active,CF,ACCT_4d4d3330,Inactive,Bonds,Active,Borrower,Inactive
RHP0160,PU,BR_bf34e5d3,Active,CB,ACCT_db8be850,Inactive,Derivatives,Inactive,Borrower,Inactive
RHP0160,MU,BR_2c80082e,Inactive,FIC,ACCT_cb28356f,Inactive,Bonds,Inactive,Borrower,Active
RHP0160,PU,BR_2c80082e,Inactive,FIC,ACCT_141813f8,Active,Derivatives,Inactive,Borrower,Active
RHP0191,HY,BR_a031cf94,Inactive,CF,ACCT_5893dadf,Active,Derivatives,Active,Borrower,Inactive
RHP0191,HY,BR_a031cf94,Inactive,CF,ACCT_c1e44fdc,Active,Loans,Active,Borrower,Inactive
RHP0191,PU,BR_5d0e236a,Inactive,CB,ACCT_171a5254,Active,Bonds,Inactive,Borrower,Inactive
RHP0042,DL,BR_5d54bffe,Active,CB,ACCT_ead92129,Active,Loans,Active,Borrower,Active
RHP0042,DL,BR_0a419c8a,Inactive,CB,ACCT_f737d50e,Inactive,Bonds,Active,Borrower,Active
RHP0042,BL,BR_0a419c8a,Inactive,CB,ACCT_8266d9c1,Inactive,Loans,Active,Borrower,Inactive
RHP0169,BL,BR_73919734,Active,CF,ACCT_6cfbb725,Inactive,Loans,Active,Borrower,Active
RHP0169,PU,BR_2e73f852,Inactive,FIC,ACCT_635461bb,Inactive,Derivatives,Active,Borrower,Inactive
RHP0169,CH,BR_2e73f852,Inactive,FIC,ACCT_f8e06058,Active,Loans,Active,Borrower,Inactive
RHP0169,BL,BR_d066313f,Inactive,CB,ACCT_e8163857,Active,Derivatives,Active,Borrower,Inactive
RHP0150,DL,BR_18a0bb1b,Inactive,CF,ACCT_5bd772b1,Inactive,Loans,Active,Borrower,Active
RHP0150,CH,BR_8fd8d608,Active,CB,ACCT_17b7e770,Inactive,Bonds,Active,Borrower,Inactive
RHP0150,CH,BR_8fd8d608,Active,CB,ACCT_132908ef,Inactive,Derivatives,Active,Borrower,Inactive
RHP0150,PU,BR_b9db5d8a,Inactive,CB,ACCT_50527fe5,Inactive,Loans,Inactive,Borrower,Inactive
RHP0095,CH,BR_a7cef9b2,Active,CF,ACCT_9bce5a8b,Active,Derivatives,Active,Borrower,Inactive
RHP0095,HY,BR_f66978a2,Inactive,CB,ACCT_aa840f86,Active,Derivatives,Active,Borrower,Inactive
RHP0095,MU,BR_f66978a2,Inactive,CB,ACCT_e862a378,Active,Bonds,Inactive,Borrower,Inactive
RHP0194,MU,BR_da1f23f0,Inactive,FIC,ACCT_3cefa8df,Inactive,Derivatives,Inactive,Borrower,Inactive
RHP0071,DL,BR_2f52a446,Inactive,CB,ACCT_99a9887c,Inactive,Derivatives,Inactive,Borrower,Active
RHP0071,HY,BR_2f52a446,Inactive,CB,ACCT_e5e51d64,Inactive,Derivatives,Active,Borrower,Inactive
RHP0155,PU,BR_e27f7c6e,Inactive,CB,ACCT_87b88267,Active,Derivatives,Active,Borrower,Inactive
RHP0155,CH,BR_b1f0ead8,Active,FIC,ACCT_75e79d15,Active,Derivatives,Inactive,Borrower,Inactive
RHP0155,CH,BR_b1f0ead8,Active,FIC,ACCT_109c7b9a,Active,Loans,Active,Borrower,Active
RHP0155,BL,BR_28bc55bb,Active,CF,ACCT_41869dcf,Inactive,Bonds,Inactive,Borrower,Active
RHP0155,DL,BR_28bc55bb,Active,CF,ACCT_cb751a13,Active,Derivatives,Inactive,Borrower,Inactive
RHP0022,MU,BR_33516f30,Inactive,FIC,ACCT_f6b09430,Inactive,Derivatives,Active,Borrower,Active
RHP0022,BL,BR_33516f30,Inactive,FIC,ACCT_3bef7ade,Active,Loans,Inactive,Borrower,Active
RHP0022,MU,BR_3b643a1f,Active,FIC,ACCT_cd3e6930,Inactive,Derivatives,Inactive,Borrower,Active
RHP0022,PU,BR_3b643a1f,Active,FIC,ACCT_16af9779,Inactive,Loans,Active,Borrower,Active
RHP0135,BL,BR_a2d005da,Inactive,CF,ACCT_f9807101,Active,Loans,Active,Borrower,Inactive
RHP0135,DL,BR_a2d005da,Inactive,CF,ACCT_bdf5daf5,Inactive,Derivatives,Inactive,Borrower,Inactive
RHP0135,DL,BR_2e00ed94,Inactive,FIC,ACCT_839d5099,Inactive,Derivatives,Active,Borrower,Inactive
